instance,flow_solver,lambda_net,lambda_flow,weight_normalizer,w_net,w_flow,config,w_hetero,w_conc,flow_optimum,flow_cost,n_arcs,total_trips,n_single_trip_arcs,s1_time,s2_time,s1_first_cost,s1_first_time,s1_best_cost,s1_best_time,s1_n_improve,s2_optimal,mono_count,concentrated_count,r_tr,r_alpha_single_0.2,r_alpha_single_0.4,r_alpha_single_0.6,r_alpha_single_0.8,r_alpha_global_0.2,r_alpha_global_0.4,r_alpha_global_0.6,r_alpha_global_0.8,cov_mean,cov_median,cov_cvar10,cov_frac_zero,cov_dw_mean,cov_mean_addr,cov_cvar10_addr,nri,nri_worst,nri_addr,nri_alpha_single_0.2,nri_alpha_single_0.4,nri_alpha_single_0.6,nri_alpha_single_0.8,nri_alpha_global_0.2,nri_alpha_global_0.4,nri_alpha_global_0.6,nri_alpha_global_0.8,cvar_alpha_single_0.2,cvar_alpha_single_0.4,cvar_alpha_single_0.6,cvar_alpha_single_0.8,cvar_alpha_global_0.2,cvar_alpha_global_0.4,cvar_alpha_global_0.6,cvar_alpha_global_0.8,s1_dispatch_cost,s2_dispatch_cost,cost_saving,s1_trajectory
layered_medium_seed1,milp,0.0,0.0,148.53,0,0,baseline,0,0,True,5644,8,38,3,0.339,30.011,5644,0.339,5644,0.339,0,False,15,28,0.3,0.3,0.4,0.6,0.6,0.0,0.0,0.2667,0.4,0.9498,1.0,0.8,0.0,0.9498,0.947,0.8,0.9498,0.9333,0.947,0.8222,0.8556,0.9028,0.9403,0.0111,0.1555,0.4333,0.6111,0.4667,0.6,0.7333,0.8667,0.0,0.0,0.2667,0.4,5644,4448,1196,[]
layered_medium_seed1,milp,0.0,0.0,148.53,0,0,hetero_w8,8,0,True,5644,8,38,3,0.339,30.01,5644,0.339,5644,0.339,0,False,0,37,0.3,0.3333,0.4667,0.5333,0.7,0.0333,0.1667,0.3,0.6,0.9531,0.9667,0.8667,0.0,0.9531,0.9508,0.863,0.9531,0.9333,0.9508,0.8264,0.8583,0.8958,0.9403,0.0444,0.2333,0.4111,0.6333,0.5,0.6111,0.7333,0.8667,0.0333,0.1667,0.3,0.6,5644,4960,684,[]
layered_medium_seed1,milp,0.0,0.0,148.53,0,0,conc_w8,0,8,True,5644,8,38,3,0.339,30.01,5644,0.339,5644,0.339,0,False,4,16,0.3,0.3667,0.4333,0.5333,0.6,0.0333,0.1333,0.2667,0.3333,0.9572,0.9667,0.8636,0.0,0.9572,0.9556,0.86,0.9572,0.9333,0.9556,0.8292,0.8583,0.8986,0.9361,0.0556,0.1889,0.4,0.5778,0.5111,0.5778,0.6889,0.8,0.0333,0.1333,0.2667,0.3333,5644,5152,492,[]
layered_medium_seed1,milp,0.0,0.0,148.53,0,0,full_w8_8,8,8,True,5644,8,38,3,0.339,30.01,5644,0.339,5644,0.339,0,False,2,15,0.3,0.3667,0.4333,0.5333,0.6667,0.0333,0.1667,0.3333,0.4667,0.9584,0.9667,0.8697,0.0,0.9584,0.957,0.8667,0.9584,0.9333,0.957,0.832,0.8583,0.8972,0.9361,0.0667,0.1889,0.4,0.5889,0.5111,0.5778,0.6778,0.8,0.0333,0.1667,0.3333,0.4667,5644,5344,300,[]
layered_medium_seed2,milp,0.0,0.0,116.72,0,0,baseline,0,0,True,3735,9,32,3,0.169,0.975,3735,0.169,3735,0.169,0,True,6,33,0.5,0.5333,0.6,0.6333,0.7667,0.0333,0.1333,0.3,0.3667,0.9479,0.9667,0.8167,0.0,0.9479,0.9459,0.8095,0.9479,0.9,0.9459,0.858,0.8765,0.9086,0.9346,0.0444,0.1667,0.3667,0.5556,0.7111,0.7667,0.8333,0.8889,0.0333,0.1333,0.3,0.3667,3735,3165,570,[]
layered_medium_seed2,milp,0.0,0.0,116.72,0,0,hetero_w8,8,0,True,3735,9,32,3,0.169,0.48,3735,0.169,3735,0.169,0,True,0,37,0.5,0.5667,0.6333,0.7333,0.7667,0.0333,0.1667,0.3,0.4,0.9479,0.9667,0.8417,0.0,0.9479,0.9459,0.8381,0.9479,0.9,0.9459,0.8593,0.879,0.9123,0.937,0.0444,0.1778,0.4,0.5667,0.7111,0.7667,0.8333,0.8889,0.0333,0.1667,0.3,0.4,3735,3165,570,[]
layered_medium_seed2,milp,0.0,0.0,116.72,0,0,conc_w8,0,8,True,3735,9,32,3,0.169,30.009,3735,0.169,3735,0.169,0,False,8,19,0.5,0.5333,0.6,0.6667,0.7333,0.0,0.1,0.2667,0.3333,0.9533,0.9667,0.8296,0.0,0.9533,0.9521,0.825,0.9533,0.9111,0.9521,0.8531,0.8716,0.9012,0.9284,0.0111,0.1222,0.3,0.4667,0.7111,0.7778,0.8,0.8667,0.0,0.1,0.2667,0.3333,3735,3390,345,[]
layered_medium_seed2,milp,0.0,0.0,116.72,0,0,full_w8_8,8,8,True,3735,9,32,3,0.169,30.01,3735,0.169,3735,0.169,0,False,2,23,0.5,0.5333,0.6,0.6333,0.7667,0.0,0.1,0.2333,0.4333,0.9516,0.9667,0.8333,0.0,0.9516,0.9502,0.8292,0.9516,0.9,0.9502,0.8555,0.8741,0.9037,0.9358,0.0333,0.1333,0.3333,0.5222,0.7111,0.7667,0.8,0.8889,0.0,0.1,0.2333,0.4333,3735,3345,390,[]
layered_medium_seed3,milp,0.0,0.0,179.06,0,0,baseline,0,0,True,9132,9,51,0,0.296,30.007,9132,0.296,9132,0.296,0,False,24,51,0.2,0.2,0.4667,0.6,0.7333,0.0,0.1333,0.4,0.5667,0.9561,1.0,0.8333,0.0,0.9561,0.9561,0.8333,0.9561,0.9444,0.9561,0.8148,0.858,0.8901,0.9395,0.0222,0.2333,0.4,0.6111,0.5555,0.6666,0.7778,0.8889,0.0,0.1333,0.4,0.5667,9132,7952,1180,[]
layered_medium_seed3,milp,0.0,0.0,179.06,0,0,hetero_w8,8,0,True,9132,9,51,0,0.296,30.011,9132,0.296,9132,0.296,0,False,6,58,0.2,0.3667,0.5333,0.6667,0.7667,0.0333,0.2333,0.3,0.5667,0.955,0.9667,0.8487,0.0,0.955,0.955,0.8487,0.955,0.9444,0.955,0.8173,0.8593,0.8938,0.9445,0.0667,0.2667,0.4111,0.6778,0.5556,0.6667,0.7778,0.8889,0.0333,0.2333,0.3,0.5667,9132,7480,1652,[]
layered_medium_seed3,milp,0.0,0.0,179.06,0,0,conc_w8,0,8,True,9132,9,51,0,0.296,30.006,9132,0.296,9132,0.296,0,False,15,28,0.2,0.2667,0.3667,0.5,0.7333,0.0,0.1333,0.2333,0.5333,0.9624,0.9667,0.8578,0.0,0.9624,0.9624,0.8578,0.9624,0.9444,0.9624,0.8074,0.8407,0.879,0.9284,0.0333,0.1555,0.3,0.5444,0.5,0.5667,0.6667,0.8333,0.0,0.1333,0.2333,0.5333,9132,8896,236,[]
layered_medium_seed3,milp,0.0,0.0,179.06,0,0,full_w8_8,8,8,True,9132,9,51,0,0.296,30.008,9132,0.296,9132,0.296,0,False,9,33,0.2,0.2667,0.3667,0.5667,0.6667,0.0,0.1333,0.3,0.6,0.9608,0.9667,0.8511,0.0,0.9608,0.9608,0.8511,0.9608,0.9444,0.9608,0.8099,0.8469,0.8864,0.9383,0.0444,0.1889,0.3556,0.6222,0.5,0.5667,0.6667,0.8334,0.0,0.1333,0.3,0.6,9132,8011,1121,[]
layered_medium_seed4,milp,0.0,0.0,93.3,0,0,baseline,0,0,True,1866,8,20,2,0.024,0.062,1866,0.024,1866,0.024,0,True,2,23,0.5333,0.5333,0.6333,0.6667,0.6667,0.0,0.0333,0.2,0.4,0.917,0.9333,0.7556,0.0,0.917,0.9141,0.7533,0.917,0.8889,0.9141,0.8236,0.8375,0.8833,0.9056,0.0,0.1111,0.2889,0.4667,0.6444,0.7111,0.7889,0.8889,0.0,0.0333,0.2,0.4,1866,1614,252,[]
layered_medium_seed4,milp,0.0,0.0,93.3,0,0,hetero_w8,8,0,True,1866,8,20,2,0.024,0.065,1866,0.024,1866,0.024,0,True,0,25,0.5333,0.5333,0.6,0.6333,0.7667,0.0,0.0,0.2333,0.4333,0.917,0.9333,0.7833,0.0,0.917,0.9141,0.7867,0.917,0.8889,0.9141,0.8236,0.8389,0.8833,0.9056,0.0,0.1222,0.3,0.4778,0.6444,0.7111,0.7778,0.8889,0.0,0.0,0.2333,0.4333,1866,1614,252,[]
layered_medium_seed4,milp,0.0,0.0,93.3,0,0,conc_w8,0,8,True,1866,8,20,2,0.024,30.004,1866,0.024,1866,0.024,0,False,1,15,0.5333,0.5333,0.5667,0.6333,0.6667,0.0,0.0333,0.2667,0.4333,0.917,0.9333,0.7445,0.0,0.917,0.9141,0.74,0.917,0.8889,0.9141,0.8236,0.8361,0.8917,0.9153,0.0,0.1,0.3333,0.5222,0.6444,0.6778,0.7778,0.8889,0.0,0.0333,0.2667,0.4333,1866,1614,252,[]
layered_medium_seed4,milp,0.0,0.0,93.3,0,0,full_w8_8,8,8,True,1866,8,20,2,0.024,30.009,1866,0.024,1866,0.024,0,False,0,15,0.5333,0.5333,0.6,0.6667,0.7,0.0,0.0333,0.2,0.4333,0.917,0.9333,0.7556,0.0,0.917,0.9141,0.7533,0.917,0.8889,0.9141,0.8236,0.8375,0.8903,0.9125,0.0,0.1111,0.3222,0.5,0.6444,0.6889,0.7889,0.8889,0.0,0.0333,0.2,0.4333,1866,1614,252,[]
layered_medium_seed5,milp,0.0,0.0,152.71,0,0,baseline,0,0,True,4276,9,28,4,0.025,0.076,4276,0.025,4276,0.025,0,True,5,24,0.4333,0.5333,0.6,0.7,0.7,0.0,0.1,0.1333,0.1667,0.9323,0.9667,0.7762,0.0,0.9323,0.9247,0.7778,0.9323,0.9,0.9247,0.8432,0.8802,0.8963,0.9358,0.0,0.2445,0.3222,0.5556,0.6889,0.7667,0.8333,0.9,0.0,0.1,0.1333,0.1667,4276,3308,968,[]
layered_medium_seed5,milp,0.0,0.0,152.71,0,0,hetero_w8,8,0,True,4276,9,28,4,0.025,0.086,4276,0.025,4276,0.025,0,True,0,27,0.4333,0.5333,0.6667,0.6667,0.7667,0.0,0.1,0.1667,0.2667,0.9323,0.9667,0.8095,0.0,0.9323,0.9247,0.8167,0.9323,0.9111,0.9247,0.842,0.8778,0.8951,0.9383,0.0,0.2222,0.3111,0.5889,0.6778,0.7556,0.8333,0.9111,0.0,0.1,0.1667,0.2667,4276,3308,968,[]
layered_medium_seed5,milp,0.0,0.0,152.71,0,0,conc_w8,0,8,True,4276,9,28,4,0.025,30.009,4276,0.025,4276,0.025,0,False,0,17,0.4333,0.5,0.5667,0.7,0.7667,0.0,0.1,0.2,0.3333,0.938,0.9667,0.8083,0.0,0.938,0.9322,0.8111,0.938,0.9111,0.9322,0.8383,0.8704,0.8889,0.9309,0.0,0.1778,0.3222,0.5667,0.6444,0.6889,0.7778,0.8444,0.0,0.1,0.2,0.3333,4276,3660,616,[]
layered_medium_seed5,milp,0.0,0.0,152.71,0,0,full_w8_8,8,8,True,4276,9,28,4,0.025,30.01,4276,0.025,4276,0.025,0,False,0,17,0.4333,0.5,0.5667,0.7,0.7333,0.0,0.1333,0.2,0.3,0.938,0.9667,0.8042,0.0,0.938,0.9322,0.8056,0.938,0.9111,0.9322,0.8395,0.8728,0.8914,0.9333,0.0,0.2,0.3333,0.5222,0.6556,0.7,0.7889,0.8556,0.0,0.1333,0.2,0.3,4276,3660,616,[]
layered_small_seed1,milp,0.0,0.0,108.16,0,0,baseline,0,0,True,4002,6,37,1,0.046,30.009,4002,0.046,4002,0.046,0,False,7,27,0.4667,0.5,0.5333,0.5667,0.6,0.0,0.0667,0.2,0.3333,0.9231,0.9333,0.8278,0.0,0.9231,0.922,0.82,0.9231,0.9,0.922,0.6972,0.7472,0.8222,0.875,0.05,0.15,0.3667,0.5666,0.55,0.6333,0.7167,0.8,0.0,0.0667,0.2,0.3333,4002,2788,1214,[]
layered_small_seed1,milp,0.0,0.0,108.16,0,0,hetero_w8,8,0,True,4002,6,37,1,0.046,30.009,4002,0.046,4002,0.046,0,False,0,36,0.4667,0.5,0.6,0.6333,0.6667,0.0333,0.1333,0.3333,0.4333,0.9231,0.9333,0.8444,0.0,0.9231,0.922,0.84,0.9231,0.9,0.922,0.6972,0.7472,0.8222,0.875,0.0333,0.1833,0.45,0.6,0.55,0.6334,0.7166,0.8,0.0333,0.1333,0.3333,0.4333,4002,2788,1214,[]
layered_small_seed1,milp,0.0,0.0,108.16,0,0,conc_w8,0,8,True,4002,6,37,1,0.046,30.009,4002,0.046,4002,0.046,0,False,3,18,0.4667,0.4667,0.5333,0.5667,0.6333,0.0333,0.1333,0.2,0.3,0.9394,0.9667,0.8381,0.0,0.9394,0.9391,0.8381,0.9394,0.9,0.9391,0.6917,0.7334,0.7944,0.8611,0.05,0.1833,0.3167,0.5,0.4833,0.55,0.6334,0.8,0.0333,0.1333,0.2,0.3,4002,3650,352,[]
layered_small_seed1,milp,0.0,0.0,108.16,0,0,full_w8_8,8,8,True,4002,6,37,1,0.046,30.009,4002,0.046,4002,0.046,0,False,1,18,0.4667,0.5,0.5667,0.6,0.6667,0.0667,0.1333,0.2333,0.3333,0.9394,0.9667,0.8428,0.0,0.9394,0.9391,0.8428,0.9394,0.9,0.9391,0.6972,0.7389,0.7972,0.8639,0.0667,0.1833,0.3167,0.5333,0.5,0.5667,0.6334,0.8,0.0667,0.1333,0.2333,0.3333,4002,3650,352,[]
layered_small_seed2,milp,0.0,0.0,77.59,0,0,baseline,0,0,True,1707,5,22,3,0.017,0.119,1707,0.017,1707,0.017,0,True,2,22,0.3667,0.4,0.4333,0.5,0.6,0.0667,0.1333,0.2667,0.4,0.9382,0.9333,0.85,0.0,0.9382,0.9357,0.8333,0.9382,0.8834,0.9357,0.8133,0.8367,0.8833,0.91,0.1167,0.2333,0.4667,0.6,0.5166,0.5833,0.7166,0.8,0.0667,0.1333,0.2667,0.4,1707,1391,316,[]
layered_small_seed2,milp,0.0,0.0,77.59,0,0,hetero_w8,8,0,True,1707,5,22,3,0.017,0.097,1707,0.017,1707,0.017,0,True,0,21,0.3667,0.4,0.4667,0.5333,0.6667,0.0667,0.1667,0.3,0.4667,0.9382,0.9333,0.8583,0.0,0.9382,0.9357,0.8444,0.9382,0.9,0.9357,0.8133,0.8367,0.8833,0.91,0.1167,0.2334,0.4666,0.6,0.5166,0.5833,0.7166,0.8,0.0667,0.1667,0.3,0.4667,1707,1391,316,[]
layered_small_seed2,milp,0.0,0.0,77.59,0,0,conc_w8,0,8,True,1707,5,22,3,0.017,30.006,1707,0.017,1707,0.017,0,False,7,11,0.3667,0.4333,0.5667,0.7,0.8,0.0667,0.2,0.3333,0.4667,0.9523,0.9667,0.8867,0.0,0.9523,0.9526,0.8833,0.9523,0.9,0.9526,0.8067,0.8333,0.8667,0.91,0.0833,0.2166,0.3833,0.6,0.5,0.6,0.7,0.8334,0.0667,0.2,0.3333,0.4667,1707,1707,0,[]
layered_small_seed2,milp,0.0,0.0,77.59,0,0,full_w8_8,8,8,True,1707,5,22,3,0.017,30.009,1707,0.017,1707,0.017,0,False,0,18,0.3667,0.4333,0.5667,0.7,0.7667,0.1,0.2333,0.4333,0.5667,0.9447,0.9333,0.8833,0.0,0.9447,0.9437,0.8917,0.9447,0.9,0.9438,0.81,0.84,0.88,0.9167,0.1,0.25,0.45,0.6334,0.5,0.6,0.7,0.8334,0.1,0.2333,0.4333,0.5667,1707,1539,168,[]
layered_small_seed3,milp,0.0,0.0,122.47,0,0,baseline,0,0,True,5756,5,47,0,0.054,30.006,5756,0.054,5756,0.054,0,False,20,43,0.1667,0.3333,0.5,0.5667,0.7,0.0667,0.2,0.4333,0.6667,0.9554,0.9667,0.8875,0.0,0.9554,0.9554,0.8875,0.9554,0.9334,0.9554,0.69,0.7467,0.83,0.9067,0.1,0.2166,0.5,0.7333,0.5,0.6,0.7333,0.85,0.0667,0.2,0.4333,0.6667,5756,5176,580,[]
layered_small_seed3,milp,0.0,0.0,122.47,0,0,hetero_w8,8,0,True,5756,5,47,0,0.054,30.01,5756,0.054,5756,0.054,0,False,11,46,0.1667,0.2333,0.3667,0.4667,0.7667,0.1,0.1667,0.3667,0.7,0.9531,0.9667,0.8875,0.0,0.9531,0.9531,0.8875,0.9531,0.9334,0.9531,0.6767,0.74,0.8233,0.9067,0.1,0.25,0.4667,0.7334,0.4667,0.6,0.7,0.85,0.1,0.1667,0.3667,0.7,5756,4632,1124,[]
layered_small_seed3,milp,0.0,0.0,122.47,0,0,conc_w8,0,8,True,5756,5,47,0,0.054,30.01,5756,0.054,5756,0.054,0,False,31,28,0.1667,0.2667,0.3667,0.5667,0.7,0.0,0.1,0.4,0.6,0.9595,0.9667,0.8889,0.0,0.9595,0.9595,0.8889,0.9595,0.9334,0.9595,0.67,0.7167,0.8067,0.8967,0.05,0.15,0.45,0.6666,0.45,0.5,0.65,0.8,0.0,0.1,0.4,0.6,5756,5448,308,[]
layered_small_seed3,milp,0.0,0.0,122.47,0,0,full_w8_8,8,8,True,5756,5,47,0,0.054,30.01,5756,0.054,5756,0.054,0,False,18,33,0.1667,0.2333,0.3,0.5,0.7,0.0667,0.1333,0.3333,0.6,0.9531,0.9667,0.8875,0.0,0.9531,0.9531,0.8875,0.9531,0.9334,0.9531,0.6867,0.7467,0.8367,0.9067,0.0833,0.25,0.45,0.6666,0.5,0.6,0.75,0.85,0.0667,0.1333,0.3333,0.6,5756,4768,988,[]
layered_small_seed4,milp,0.0,0.0,108.11,0,0,baseline,0,0,True,3784,8,35,3,0.142,4.653,3784,0.142,3784,0.142,0,True,9,32,0.4333,0.5,0.6,0.6667,0.8333,0.0667,0.2,0.2667,0.5667,0.9414,0.9333,0.8778,0.0,0.9414,0.9403,0.8733,0.9414,0.9167,0.9403,0.8271,0.8625,0.8979,0.9375,0.0833,0.25,0.3833,0.6167,0.7,0.7667,0.8334,0.9166,0.0667,0.2,0.2667,0.5667,3784,2904,880,[]
layered_small_seed4,milp,0.0,0.0,108.11,0,0,hetero_w8,8,0,True,3784,8,35,3,0.142,30.009,3784,0.142,3784,0.142,0,False,4,40,0.4333,0.4667,0.5667,0.6667,0.8,0.0667,0.2333,0.4,0.5667,0.9434,0.9333,0.8945,0.0,0.9434,0.9427,0.8933,0.9434,0.9333,0.9427,0.825,0.8604,0.8958,0.9312,0.0833,0.25,0.4166,0.5833,0.6667,0.7333,0.8,0.8666,0.0667,0.2333,0.4,0.5667,3784,2984,800,[]
layered_small_seed4,milp,0.0,0.0,108.11,0,0,conc_w8,0,8,True,3784,8,35,3,0.142,30.009,3784,0.142,3784,0.142,0,False,22,20,0.4333,0.5,0.5667,0.6333,0.7667,0.0333,0.1667,0.2333,0.3667,0.9489,0.9667,0.8571,0.0,0.9489,0.9488,0.85,0.9489,0.9167,0.9488,0.8208,0.8479,0.8854,0.9188,0.0666,0.1667,0.3333,0.5,0.6667,0.7,0.7833,0.85,0.0333,0.1667,0.2333,0.3667,3784,3464,320,[]
layered_small_seed4,milp,0.0,0.0,108.11,0,0,full_w8_8,8,8,True,3784,8,35,3,0.142,30.01,3784,0.142,3784,0.142,0,False,7,25,0.4333,0.5333,0.6,0.6667,0.8333,0.0667,0.2333,0.3333,0.5667,0.9472,0.9667,0.8778,0.0,0.9472,0.9469,0.8778,0.9472,0.9167,0.9469,0.825,0.8542,0.8917,0.9271,0.1,0.25,0.4,0.6,0.7,0.75,0.8333,0.8834,0.0667,0.2333,0.3333,0.5667,3784,3384,400,[]
layered_small_seed5,milp,0.0,0.0,185.65,0,0,baseline,0,0,True,4270,6,23,0,0.228,0.024,4270,0.228,4270,0.228,0,True,11,19,0.3,0.3,0.5,0.5,0.7333,0.0,0.2,0.2,0.4333,0.9108,0.9166,0.7584,0.0,0.9108,0.9108,0.7584,0.9108,0.8666,0.9108,0.7472,0.8056,0.8389,0.9,0.0,0.2166,0.35,0.6,0.6334,0.75,0.75,0.8666,0.0,0.2,0.2,0.4333,4270,3185,1085,[]
layered_small_seed5,milp,0.0,0.0,185.65,0,0,hetero_w8,8,0,True,4270,6,23,0,0.228,1.545,4270,0.228,4270,0.228,0,True,5,21,0.3,0.3,0.4667,0.4667,0.7,0.0,0.2,0.2667,0.5333,0.9158,0.95,0.7333,0.0,0.9157,0.9158,0.7333,0.9158,0.85,0.9158,0.7556,0.8028,0.8361,0.9028,0.05,0.2334,0.3667,0.6333,0.6334,0.7167,0.7167,0.85,0.0,0.2,0.2667,0.5333,4270,3360,910,[]
layered_small_seed5,milp,0.0,0.0,185.65,0,0,conc_w8,0,8,True,4270,6,23,0,0.228,30.006,4270,0.228,4270,0.228,0,False,12,12,0.3,0.3,0.4333,0.5667,0.7,0.0,0.1333,0.2667,0.4,0.9278,0.9333,0.8,0.0,0.9278,0.9278,0.8,0.9278,0.85,0.9278,0.7528,0.7861,0.85,0.9,0.0334,0.15,0.35,0.55,0.6334,0.7,0.7667,0.85,0.0,0.1333,0.2667,0.4,4270,3955,315,[]
layered_small_seed5,milp,0.0,0.0,185.65,0,0,full_w8_8,8,8,True,4270,6,23,0,0.228,30.009,4270,0.228,4270,0.228,0,False,7,15,0.3,0.3,0.4667,0.4667,0.7,0.0,0.1667,0.2,0.4333,0.9157,0.9333,0.7333,0.0,0.9157,0.9157,0.7333,0.9157,0.85,0.9157,0.7472,0.7917,0.8306,0.8972,0.0,0.1667,0.3167,0.5833,0.6334,0.7167,0.7167,0.85,0.0,0.1667,0.2,0.4333,4270,3395,875,[]
