solver,encoding_family,backend,instance,instance_size,seed,n_locations,n_parts,n_routes,n_transports,density,capacity_tightness,num_bins,time_limit,run,status,wall_time,total_time,ground_time,solve_time,cost,optimum,satisfiable,choices,conflicts,restarts,atoms,s1_time,s2_time,s1_atoms,s2_atoms,s1_cost,s2_cost,s1_optimum,s2_optimum
naive_oneshot,one-shot,naive,layered_medium_seed1,medium,1,8,3,36,2,0.321,1.867,3,600,1,OK,603.075,602.756,2.736,600.021,12464,False,True,2222318,380143,1017,1939880,,,,,,,,
naive_oneshot,one-shot,naive,layered_medium_seed1,medium,1,8,3,36,2,0.321,1.867,3,600,2,OK,603.545,602.851,2.821,600.029,12464,False,True,2988583,605732,1467,1939880,,,,,,,,
naive_oneshot,one-shot,naive,layered_medium_seed1,medium,1,8,3,36,2,0.321,1.867,3,600,3,OK,601.769,601.572,1.551,600.021,11494,False,True,4415967,945861,2045,1939880,,,,,,,,
clingcon_oneshot,one-shot,clingcon,layered_medium_seed1,medium,1,8,3,36,2,0.321,1.867,3,600,1,OK,600.096,600.043,0.019,600.024,250696,False,True,7525052,4881243,40427,8518,,,,,,,,
clingcon_oneshot,one-shot,clingcon,layered_medium_seed1,medium,1,8,3,36,2,0.321,1.867,3,600,2,OK,600.072,600.062,0.016,600.047,250696,False,True,7484314,4855245,40088,8518,,,,,,,,
clingcon_oneshot,one-shot,clingcon,layered_medium_seed1,medium,1,8,3,36,2,0.321,1.867,3,600,3,OK,600.156,600.144,0.015,600.129,250696,False,True,7515697,4875347,40345,8518,,,,,,,,
naive_twostage,two-stage,naive,layered_medium_seed1,medium,1,8,3,36,2,0.321,1.867,,600,1,OK,1200.075,1200.06,0.039,1200.021,10694,False,True,91984495,66305990,110069,11214,600.04,600.02,8312,2902,10694,35,False,False
naive_twostage,two-stage,naive,layered_medium_seed1,medium,1,8,3,36,2,0.321,1.867,,600,2,OK,1200.088,1200.07,0.041,1200.029,10694,False,True,91639159,65957771,109048,11214,600.045,600.025,8312,2902,10694,35,False,False
naive_twostage,two-stage,naive,layered_medium_seed1,medium,1,8,3,36,2,0.321,1.867,,600,3,OK,1200.105,1200.077,0.043,1200.034,10714,False,True,89798243,64294341,108465,11236,600.048,600.029,8312,2924,10714,36,False,False
clingcon_twostage,two-stage,clingcon,layered_medium_seed1,medium,1,8,3,36,2,0.321,1.867,,600,1,OK,1200.113,1200.079,0.011,1200.069,6576,False,True,117908249,80186111,124399,5568,600.053,600.026,4049,1519,6576,31,False,False
clingcon_twostage,two-stage,clingcon,layered_medium_seed1,medium,1,8,3,36,2,0.321,1.867,,600,2,OK,1200.087,1200.063,0.01,1200.053,6576,False,True,117992605,80152949,124229,5568,600.038,600.025,4049,1519,6576,31,False,False
clingcon_twostage,two-stage,clingcon,layered_medium_seed1,medium,1,8,3,36,2,0.321,1.867,,600,3,OK,1200.131,1200.096,0.016,1200.08,6584,False,True,118609159,81388159,124500,5483,600.071,600.025,4049,1434,6584,27,False,False
naive_oneshot,one-shot,naive,layered_medium_seed2,medium,2,8,3,45,2,0.402,3.094,3,600,1,OK,603.643,603.232,3.218,600.014,10485,False,True,3791213,520272,1163,4048919,,,,,,,,
naive_oneshot,one-shot,naive,layered_medium_seed2,medium,2,8,3,45,2,0.402,3.094,3,600,2,OK,603.571,603.271,3.252,600.019,10020,False,True,4069348,578165,1318,4048919,,,,,,,,
naive_oneshot,one-shot,naive,layered_medium_seed2,medium,2,8,3,45,2,0.402,3.094,3,600,3,OK,603.429,603.1,3.075,600.025,10485,False,True,3866472,537945,1226,4048919,,,,,,,,
clingcon_oneshot,one-shot,clingcon,layered_medium_seed2,medium,2,8,3,45,2,0.402,3.094,3,600,1,OK,600.042,600.032,0.027,600.005,176220,False,True,27687574,23380206,137321,12809,,,,,,,,
clingcon_oneshot,one-shot,clingcon,layered_medium_seed2,medium,2,8,3,45,2,0.402,3.094,3,600,2,OK,600.062,600.049,0.038,600.011,176220,False,True,28364810,23952909,141656,12809,,,,,,,,
clingcon_oneshot,one-shot,clingcon,layered_medium_seed2,medium,2,8,3,45,2,0.402,3.094,3,600,3,OK,600.052,600.041,0.024,600.017,176220,False,True,28848570,24364738,144168,12809,,,,,,,,
naive_twostage,two-stage,naive,layered_medium_seed2,medium,2,8,3,45,2,0.402,3.094,,600,1,OK,600.11,600.093,0.046,600.047,5250,False,True,32560417,12446280,19692,11295,600.053,0.04,10062,1233,5250,28,False,True
naive_twostage,two-stage,naive,layered_medium_seed2,medium,2,8,3,45,2,0.402,3.094,,600,2,OK,600.101,600.085,0.045,600.039,5250,False,True,32693022,12499300,19848,11295,600.046,0.039,10062,1233,5250,28,False,True
naive_twostage,two-stage,naive,layered_medium_seed2,medium,2,8,3,45,2,0.402,3.094,,600,3,OK,601.021,600.993,0.048,600.945,5310,False,True,31501622,12094993,19076,11361,600.051,0.942,10062,1299,5310,27,False,True
clingcon_twostage,two-stage,clingcon,layered_medium_seed2,medium,2,8,3,45,2,0.402,3.094,,600,1,OK,600.211,600.182,0.024,600.158,5805,False,True,29175552,13429177,23122,6321,600.064,0.118,5003,1318,5805,31,False,True
clingcon_twostage,two-stage,clingcon,layered_medium_seed2,medium,2,8,3,45,2,0.402,3.094,,600,2,OK,600.479,600.461,0.02,600.44,5625,False,True,31673029,14594661,24705,6241,600.041,0.42,5003,1238,5625,27,False,True
clingcon_twostage,two-stage,clingcon,layered_medium_seed2,medium,2,8,3,45,2,0.402,3.094,,600,3,OK,600.194,600.159,0.02,600.14,5745,False,True,30957673,14248004,24604,6273,600.036,0.123,5003,1270,5745,28,False,True
naive_oneshot,one-shot,naive,layered_medium_seed3,medium,3,8,3,40,2,0.357,1.944,3,600,1,OK,603.773,603.471,3.37,600.101,35983,False,True,1998880,277262,636,1806275,,,,,,,,
naive_oneshot,one-shot,naive,layered_medium_seed3,medium,3,8,3,40,2,0.357,1.944,3,600,2,OK,603.03,602.798,2.784,600.015,35983,False,True,1995346,275488,636,1806275,,,,,,,,
naive_oneshot,one-shot,naive,layered_medium_seed3,medium,3,8,3,40,2,0.357,1.944,3,600,3,OK,603.498,602.94,2.893,600.047,35983,False,True,1998207,276979,636,1806275,,,,,,,,
clingcon_oneshot,one-shot,clingcon,layered_medium_seed3,medium,3,8,3,40,2,0.357,1.944,3,600,1,OK,600.152,600.106,0.09,600.017,165364,False,True,18087359,14862297,119345,8820,,,,,,,,
clingcon_oneshot,one-shot,clingcon,layered_medium_seed3,medium,3,8,3,40,2,0.357,1.944,3,600,2,OK,600.071,600.048,0.034,600.014,165364,False,True,18280419,14984292,119996,8820,,,,,,,,
clingcon_oneshot,one-shot,clingcon,layered_medium_seed3,medium,3,8,3,40,2,0.357,1.944,3,600,3,OK,600.078,600.061,0.047,600.014,165305,False,True,18973474,15451796,122874,8820,,,,,,,,
naive_twostage,two-stage,naive,layered_medium_seed3,medium,3,8,3,40,2,0.357,1.944,,600,1,OK,600.176,600.153,0.095,600.058,16009,False,True,21474159,8268774,14358,10921,600.092,0.061,9087,1834,16009,45,False,True
naive_twostage,two-stage,naive,layered_medium_seed3,medium,3,8,3,40,2,0.357,1.944,,600,2,OK,600.172,600.147,0.084,600.062,16009,False,True,21539290,8299734,14358,10921,600.082,0.065,9087,1834,16009,45,False,True
naive_twostage,two-stage,naive,layered_medium_seed3,medium,3,8,3,40,2,0.357,1.944,,600,3,OK,600.16,600.129,0.076,600.054,16009,False,True,21623648,8334882,14419,10921,600.071,0.058,9087,1834,16009,45,False,True
clingcon_twostage,two-stage,clingcon,layered_medium_seed3,medium,3,8,3,40,2,0.357,1.944,,600,1,OK,1200.118,1200.078,0.02,1200.058,15407,False,True,79368233,57879241,92373,6388,600.055,600.023,4473,1915,15407,48,False,False
clingcon_twostage,two-stage,clingcon,layered_medium_seed3,medium,3,8,3,40,2,0.357,1.944,,600,2,OK,1200.087,1200.066,0.025,1200.041,15393,False,True,61305327,40050379,67608,6634,600.048,600.018,4473,2161,15393,44,False,False
clingcon_twostage,two-stage,clingcon,layered_medium_seed3,medium,3,8,3,40,2,0.357,1.944,,600,3,OK,1200.087,1200.068,0.029,1200.039,15393,False,True,61249019,40052159,67699,6634,600.038,600.03,4473,2161,15393,44,False,False
naive_oneshot,one-shot,naive,layered_medium_seed4,medium,4,8,3,39,2,0.348,4.333,3,600,1,OK,606.464,605.761,5.723,600.038,4023,False,True,2873304,250865,604,3511538,,,,,,,,
naive_oneshot,one-shot,naive,layered_medium_seed4,medium,4,8,3,39,2,0.348,4.333,3,600,2,OK,610.033,609.289,9.257,600.031,4023,False,True,2764730,239812,570,3511538,,,,,,,,
naive_oneshot,one-shot,naive,layered_medium_seed4,medium,4,8,3,39,2,0.348,4.333,3,600,3,OK,606.669,606.08,6.048,600.032,4023,False,True,2866454,250136,603,3511538,,,,,,,,
clingcon_oneshot,one-shot,clingcon,layered_medium_seed4,medium,4,8,3,39,2,0.348,4.333,3,600,1,OK,21.423,21.413,0.088,21.325,4023,True,True,341207,166534,2426,14303,,,,,,,,
clingcon_oneshot,one-shot,clingcon,layered_medium_seed4,medium,4,8,3,39,2,0.348,4.333,3,600,2,OK,20.686,20.678,0.053,20.625,4023,True,True,341207,166534,2426,14303,,,,,,,,
clingcon_oneshot,one-shot,clingcon,layered_medium_seed4,medium,4,8,3,39,2,0.348,4.333,3,600,3,OK,20.3,20.294,0.051,20.243,4023,True,True,341207,166534,2426,14303,,,,,,,,
naive_twostage,two-stage,naive,layered_medium_seed4,medium,4,8,3,39,2,0.348,4.333,,600,1,OK,600.09,600.077,0.069,600.009,2945,False,True,21110022,8573128,14333,9690,600.069,0.008,8898,792,2945,19,False,True
naive_twostage,two-stage,naive,layered_medium_seed4,medium,4,8,3,39,2,0.348,4.333,,600,2,OK,600.101,600.082,0.075,600.008,2945,False,True,21074564,8549106,14333,9690,600.068,0.014,8898,792,2945,19,False,True
naive_twostage,two-stage,naive,layered_medium_seed4,medium,4,8,3,39,2,0.348,4.333,,600,3,OK,600.102,600.086,0.07,600.016,2990,False,True,19552243,7932235,13321,10133,600.067,0.019,8898,1235,2990,22,False,True
clingcon_twostage,two-stage,clingcon,layered_medium_seed4,medium,4,8,3,39,2,0.348,4.333,,600,1,OK,380.062,380.046,0.011,380.035,1866,True,True,30801281,14865862,24590,5171,380.026,0.02,4367,804,1866,16,True,True
clingcon_twostage,two-stage,clingcon,layered_medium_seed4,medium,4,8,3,39,2,0.348,4.333,,600,2,OK,352.662,352.655,0.009,352.647,1866,True,True,30801281,14865862,24590,5171,352.636,0.019,4367,804,1866,16,True,True
clingcon_twostage,two-stage,clingcon,layered_medium_seed4,medium,4,8,3,39,2,0.348,4.333,,600,3,OK,339.018,339.012,0.008,339.005,1866,True,True,30801281,14865862,24590,5171,338.993,0.019,4367,804,1866,16,True,True
naive_oneshot,one-shot,naive,layered_medium_seed5,medium,5,8,3,41,2,0.366,2.562,3,600,1,OK,603.403,603.277,3.267,600.01,8296,False,True,3666887,667236,1532,3687731,,,,,,,,
naive_oneshot,one-shot,naive,layered_medium_seed5,medium,5,8,3,41,2,0.366,2.562,3,600,2,OK,603.029,602.912,2.902,600.01,8296,False,True,3893702,739950,1691,3687731,,,,,,,,
naive_oneshot,one-shot,naive,layered_medium_seed5,medium,5,8,3,41,2,0.366,2.562,3,600,3,OK,603.011,602.894,2.877,600.018,8296,False,True,3884937,737685,1681,3687731,,,,,,,,
clingcon_oneshot,one-shot,clingcon,layered_medium_seed5,medium,5,8,3,41,2,0.366,2.562,3,600,1,OK,600.118,600.114,0.02,600.094,47024,False,True,7267881,4867237,38650,10536,,,,,,,,
clingcon_oneshot,one-shot,clingcon,layered_medium_seed5,medium,5,8,3,41,2,0.366,2.562,3,600,2,OK,600.037,600.032,0.019,600.014,47024,False,True,7315564,4899306,38878,10536,,,,,,,,
clingcon_oneshot,one-shot,clingcon,layered_medium_seed5,medium,5,8,3,41,2,0.366,2.562,3,600,3,OK,600.034,600.029,0.018,600.01,47024,False,True,7291972,4883262,38740,10536,,,,,,,,
naive_twostage,two-stage,naive,layered_medium_seed5,medium,5,8,3,41,2,0.366,2.562,,600,1,OK,621.35,621.344,0.041,621.304,6544,False,True,43313653,17925694,31965,11546,600.041,21.303,9286,2260,6544,33,False,True
naive_twostage,two-stage,naive,layered_medium_seed5,medium,5,8,3,41,2,0.366,2.562,,600,2,OK,621.409,621.403,0.039,621.364,6544,False,True,42885288,17756905,31480,11546,600.045,21.358,9286,2260,6544,33,False,True
naive_twostage,two-stage,naive,layered_medium_seed5,medium,5,8,3,41,2,0.366,2.562,,600,3,OK,600.056,600.052,0.038,600.013,6680,False,True,39480016,15294764,25988,10717,600.038,0.014,9286,1431,6680,35,False,True
clingcon_twostage,two-stage,clingcon,layered_medium_seed5,medium,5,8,3,41,2,0.366,2.562,,600,1,OK,600.053,600.046,0.009,600.037,6664,False,True,56289290,29636900,42040,6063,600.013,0.033,4579,1484,6664,29,False,True
clingcon_twostage,two-stage,clingcon,layered_medium_seed5,medium,5,8,3,41,2,0.366,2.562,,600,2,OK,600.034,600.028,0.008,600.019,6648,False,True,59076672,31042215,45053,5918,600.018,0.01,4579,1339,6648,30,False,True
clingcon_twostage,two-stage,clingcon,layered_medium_seed5,medium,5,8,3,41,2,0.366,2.562,,600,3,OK,600.037,600.03,0.008,600.022,6616,False,True,60579688,31839864,45826,5907,600.019,0.011,4579,1328,6616,33,False,True
