instance_name,instance_type,instance_size,seed,weight,exposure_n,s2_config,hetero_on,concentrated_on,nominal_cost,exposure_count,r_tr,worst_arc,r_1,worst_trip,k_1,kit_bottleneck_trip,kit_bottleneck_part,mono_count,concentrated_count,r_heaviest_single_0.2,r_heaviest_single_0.4,r_heaviest_single_0.6,r_heaviest_single_0.8,r_heaviest_global_0.2,r_heaviest_global_0.4,r_heaviest_global_0.6,r_heaviest_global_0.8,r_first_single_0.2,r_first_single_0.4,r_first_single_0.6,r_first_single_0.8,r_first_global_0.2,r_first_global_0.4,r_first_global_0.6,r_first_global_0.8,r_last_single_0.2,r_last_single_0.4,r_last_single_0.6,r_last_single_0.8,r_last_global_0.2,r_last_global_0.4,r_last_global_0.6,r_last_global_0.8,s1_optimal,s1_time,s1_trajectory,s1_dispatch_cost,s2_dispatch_cost,cost_saving,s2_optimal,s2_time,s2_trajectory,first_s1_time,first_s1_cost,first_r_tr,first_s2_time,first_s2_cost,first_r_1,first_k_1,first_mono_count,first_concentrated_count,first_s1_dispatch_cost,first_s2_dispatch_cost,first_r_heaviest_single_0.2,first_r_heaviest_single_0.4,first_r_heaviest_single_0.6,first_r_heaviest_single_0.8,first_r_heaviest_global_0.2,first_r_heaviest_global_0.4,first_r_heaviest_global_0.6,first_r_heaviest_global_0.8,first_r_first_single_0.2,first_r_first_single_0.4,first_r_first_single_0.6,first_r_first_single_0.8,first_r_first_global_0.2,first_r_first_global_0.4,first_r_first_global_0.6,first_r_first_global_0.8,first_r_last_single_0.2,first_r_last_single_0.4,first_r_last_single_0.6,first_r_last_single_0.8,first_r_last_global_0.2,first_r_last_global_0.4,first_r_last_global_0.6,first_r_last_global_0.8,status
layered_small_seed1,layered,small,1,0,3,off_off,0,0,4002,7,0.4667,"(l2,l4,tr1)",0.8,"(l4,l5,tr1,k1)",0.8,"(l4,l5,tr1,k1)",p2,4,4,0.5333,0.5667,0.6,0.6667,0.0,0.0667,0.2333,0.3667,0.5333,0.5667,0.6,0.6667,0.0,0.0667,0.2,0.4,0.5,0.5333,0.6333,0.7667,0.0,0.1333,0.2667,0.5,True,32.719,[],4002,2788,1214,False,60.036,[],0.015,16084,0.3,0.011,28,0.8,0.8,19,4,16084,2926,0.3667,0.3667,0.3667,0.5333,0.0,0.0,0.0,0.1667,0.3667,0.5333,0.7,0.7,0.0,0.0333,0.2667,0.3,0.4667,0.5667,0.7333,0.7333,0.0,0.0667,0.2667,0.3,OK
layered_small_seed1,layered,small,1,0,3,hetero,1,0,4002,7,0.4667,"(l2,l4,tr1)",0.8333,"(l3,l5,tr1,k1)",0.8333,"(l3,l5,tr1,k1)",p2,0,4,0.5,0.6,0.6333,0.6667,0.0333,0.1,0.3,0.4333,0.5,0.5333,0.7,0.8,0.0333,0.1667,0.4333,0.5667,0.5,0.6333,0.7,0.7333,0.0667,0.1667,0.4667,0.5667,True,32.719,[],4002,2788,1214,False,60.006,[],0.015,16084,0.3,0.013,19,0.8,0.8,19,4,16084,2926,0.3667,0.3667,0.3667,0.5333,0.0,0.0,0.0,0.1667,0.3667,0.5333,0.7,0.7,0.0,0.0333,0.2667,0.3,0.4667,0.5667,0.7333,0.7333,0.0,0.0667,0.2667,0.3,OK
layered_small_seed1,layered,small,1,0,3,conc,0,1,4002,7,0.4667,"(l2,l4,tr1)",0.8333,"(l4,l5,tr1,k2)",0.8333,"(l4,l5,tr1,k2)",p2,3,4,0.5,0.5667,0.6,0.6667,0.0667,0.1667,0.2667,0.4333,0.5,0.5667,0.6,0.7667,0.0667,0.1333,0.3667,0.6,0.5,0.6667,0.7333,0.8,0.0667,0.2333,0.4667,0.6,True,32.719,[],4002,3714,288,False,60.008,[],0.015,16084,0.3,0.011,14110,0.8,0.8,19,4,16084,2926,0.3667,0.3667,0.3667,0.5333,0.0,0.0,0.0,0.1667,0.3667,0.5333,0.7,0.7,0.0,0.0333,0.2667,0.3,0.4667,0.5667,0.7333,0.7333,0.0,0.0667,0.2667,0.3,OK
layered_small_seed1,layered,small,1,0,3,both,1,1,4002,7,0.4667,"(l2,l4,tr1)",0.8,"(l2,l4,tr1,k9)",0.8,"(l2,l4,tr1,k9)",p2,2,4,0.5,0.5667,0.6,0.7667,0.0667,0.1667,0.2667,0.4667,0.5,0.5667,0.6,0.6667,0.0667,0.2333,0.3667,0.5,0.4667,0.6333,0.6667,0.8,0.0667,0.2667,0.4667,0.6,True,32.719,[],4002,3714,288,False,60.009,[],0.015,16084,0.3,0.012,14129,0.8,0.8,19,4,16084,2926,0.3667,0.3667,0.3667,0.5333,0.0,0.0,0.0,0.1667,0.3667,0.5333,0.7,0.7,0.0,0.0333,0.2667,0.3,0.4667,0.5667,0.7333,0.7333,0.0,0.0667,0.2667,0.3,OK
layered_small_seed1,layered,small,1,0,3,off_off,0,0,4002,7,0.4667,"(l2,l4,tr1)",0.8,"(l4,l5,tr1,k1)",0.8,"(l4,l5,tr1,k1)",p2,4,4,0.5333,0.5667,0.6,0.6667,0.0,0.0667,0.2333,0.3667,0.5333,0.5667,0.6,0.6667,0.0,0.0667,0.2,0.4,0.5,0.5333,0.6333,0.7667,0.0,0.1333,0.2667,0.5,True,33.653,[],4002,2788,1214,False,100.008,[],0.015,16084,0.3,0.011,28,0.8,0.8,19,4,16084,2926,0.3667,0.3667,0.3667,0.5333,0.0,0.0,0.0,0.1667,0.3667,0.5333,0.7,0.7,0.0,0.0333,0.2667,0.3,0.4667,0.5667,0.7333,0.7333,0.0,0.0667,0.2667,0.3,OK
layered_small_seed1,layered,small,1,300,3,off_off,0,0,5072,0,0.6667,"(l1,l3,tr2)",0.8333,"(l2,l3,tr1,k3)",0.8333,"(l2,l3,tr1,k3)",p2,3,12,0.6667,0.7333,0.7667,0.8333,0.0,0.1,0.2,0.3333,0.6667,0.7333,0.8,0.8333,0.0,0.1667,0.3333,0.5,0.6667,0.7333,0.7333,0.8667,0.0,0.1667,0.3,0.5667,False,60.017,[],5072,4038,1034,True,1.312,[],0.017,18184,0.3,0.026,35,0.8667,0.8667,9,13,16084,5072,0.4,0.4333,0.5,0.5333,0.0,0.0667,0.0667,0.1,0.4333,0.5333,0.5667,0.6333,0.0,0.0333,0.0667,0.2333,0.4,0.4333,0.5,0.5333,0.0,0.0,0.0333,0.1667,OK
layered_small_seed1,layered,small,1,300,3,hetero,1,0,5072,0,0.6667,"(l1,l3,tr2)",0.8333,"(l2,l3,tr1,k1)",0.8333,"(l2,l3,tr1,k1)",p2,1,11,0.6667,0.7,0.8,0.8333,0.0,0.1,0.2667,0.4333,0.6667,0.7,0.7333,0.8333,0.0,0.1333,0.3,0.5333,0.6667,0.7,0.7333,0.8333,0.0,0.1667,0.2667,0.4667,False,60.017,[],5072,4038,1034,True,6.599,[],0.017,18184,0.3,0.025,9,0.8667,0.8667,9,13,16084,5072,0.4,0.4333,0.5,0.5333,0.0,0.0667,0.0667,0.1,0.4333,0.5333,0.5667,0.6333,0.0,0.0333,0.0667,0.2333,0.4,0.4333,0.5,0.5333,0.0,0.0,0.0333,0.1667,OK
layered_small_seed1,layered,small,1,0,3,hetero,1,0,4002,7,0.4667,"(l2,l4,tr1)",0.8333,"(l3,l5,tr1,k1)",0.8333,"(l3,l5,tr1,k1)",p2,0,4,0.5,0.6,0.6333,0.6667,0.0333,0.1,0.3,0.4333,0.5,0.5333,0.7,0.8,0.0333,0.1667,0.4333,0.5667,0.5,0.6333,0.7,0.7333,0.0667,0.1667,0.4667,0.5667,True,33.653,[],4002,2788,1214,False,100.01,[],0.015,16084,0.3,0.012,19,0.8,0.8,19,4,16084,2926,0.3667,0.3667,0.3667,0.5333,0.0,0.0,0.0,0.1667,0.3667,0.5333,0.7,0.7,0.0,0.0333,0.2667,0.3,0.4667,0.5667,0.7333,0.7333,0.0,0.0667,0.2667,0.3,OK
layered_small_seed1,layered,small,1,300,3,conc,0,1,5072,0,0.6667,"(l1,l3,tr2)",0.8,"(l2,l3,tr1,k1)",0.8,"(l2,l3,tr1,k1)",p2,5,14,0.7,0.7333,0.7333,0.8,0.0333,0.1333,0.2333,0.3,0.7,0.7333,0.7667,0.8667,0.0,0.1667,0.4,0.5667,0.7,0.7333,0.7667,0.8,0.0,0.1333,0.3667,0.4667,False,60.017,[],5072,4528,544,False,60.014,[],0.017,18184,0.3,0.026,17374,0.8667,0.8667,9,13,16084,5072,0.4,0.4333,0.5,0.5333,0.0,0.0667,0.0667,0.1,0.4333,0.5333,0.5667,0.6333,0.0,0.0333,0.0667,0.2333,0.4,0.4333,0.5,0.5333,0.0,0.0,0.0333,0.1667,OK
layered_small_seed1,layered,small,1,300,3,both,1,1,5072,0,0.6667,"(l1,l3,tr2)",0.8,"(l2,l4,tr1,k2)",0.8,"(l2,l4,tr1,k2)",p2,3,12,0.6667,0.7,0.7667,0.8,0.0,0.1667,0.2333,0.3667,0.6667,0.7,0.7667,0.8333,0.0,0.1333,0.4,0.6,0.6667,0.7,0.7667,0.8333,0.0,0.1333,0.2667,0.5,False,60.017,[],5072,4582,490,False,60.008,[],0.017,18184,0.3,0.025,17383,0.8667,0.8667,9,13,16084,5072,0.4,0.4333,0.5,0.5333,0.0,0.0667,0.0667,0.1,0.4333,0.5333,0.5667,0.6333,0.0,0.0333,0.0667,0.2333,0.4,0.4333,0.5,0.5333,0.0,0.0,0.0333,0.1667,OK
layered_small_seed1,layered,small,1,0,3,conc,0,1,4002,7,0.4667,"(l2,l4,tr1)",0.8333,"(l4,l5,tr1,k2)",0.8333,"(l4,l5,tr1,k2)",p2,3,4,0.5,0.5667,0.6,0.6667,0.0667,0.1667,0.2667,0.4333,0.5,0.5667,0.6,0.7667,0.0667,0.1333,0.3667,0.6,0.5,0.6667,0.7333,0.8,0.0667,0.2333,0.4667,0.6,True,33.653,[],4002,3714,288,False,100.009,[],0.015,16084,0.3,0.025,14110,0.8,0.8,19,4,16084,2926,0.3667,0.3667,0.3667,0.5333,0.0,0.0,0.0,0.1667,0.3667,0.5333,0.7,0.7,0.0,0.0333,0.2667,0.3,0.4667,0.5667,0.7333,0.7333,0.0,0.0667,0.2667,0.3,OK
layered_small_seed1,layered,small,1,500,3,off_off,0,0,5120,0,0.6667,"(l2,l4,tr1)",0.8333,"(l2,l4,tr1,k3)",0.8333,"(l2,l4,tr1,k3)",p2,7,19,0.6667,0.7333,0.7667,0.8333,0.0,0.1,0.2667,0.4333,0.6667,0.7333,0.7667,0.8667,0.0,0.1333,0.3333,0.5667,0.6667,0.7,0.7667,0.8333,0.0,0.0667,0.2667,0.5333,False,60.018,[],5120,4588,532,True,0.097,[],0.033,19584,0.3,0.027,29,0.8333,0.8333,4,21,16084,4844,0.3667,0.4333,0.5,0.5333,0.0,0.0333,0.0667,0.2,0.3667,0.4333,0.5667,0.6333,0.0,0.0667,0.1667,0.2667,0.3667,0.4,0.4667,0.6333,0.0,0.0333,0.1333,0.2667,OK
layered_small_seed1,layered,small,1,500,3,hetero,1,0,5120,0,0.6667,"(l2,l4,tr1)",0.8333,"(l2,l4,tr1,k4)",0.8333,"(l2,l4,tr1,k4)",p2,1,21,0.6667,0.7,0.7333,0.8333,0.0,0.1333,0.3,0.5,0.6667,0.7,0.7333,0.8333,0.0,0.1,0.3667,0.5,0.6667,0.7333,0.8,0.8667,0.0,0.1333,0.3667,0.6333,False,60.018,[],5120,4662,458,True,0.282,[],0.033,19584,0.3,0.025,4,0.8333,0.8333,4,21,16084,4844,0.3667,0.4333,0.5,0.5333,0.0,0.0333,0.0667,0.2,0.3667,0.4333,0.5667,0.6333,0.0,0.0667,0.1667,0.2667,0.3667,0.4,0.4667,0.6333,0.0,0.0333,0.1333,0.2667,OK
layered_small_seed1,layered,small,1,500,3,conc,0,1,5120,0,0.6667,"(l2,l4,tr1)",0.8333,"(l3,l5,tr1,k2)",0.8333,"(l3,l5,tr1,k2)",p2,4,16,0.6667,0.6667,0.7,0.8333,0.0,0.1333,0.2,0.4667,0.6667,0.6667,0.8,0.8667,0.0,0.1667,0.3667,0.5333,0.6667,0.7,0.8,0.8667,0.0,0.1667,0.3333,0.6,False,60.018,[],5120,5056,64,False,60.166,[],0.033,19584,0.3,0.026,13506,0.8333,0.8333,4,21,16084,4844,0.3667,0.4333,0.5,0.5333,0.0,0.0333,0.0667,0.2,0.3667,0.4333,0.5667,0.6333,0.0,0.0667,0.1667,0.2667,0.3667,0.4,0.4667,0.6333,0.0,0.0333,0.1333,0.2667,OK
layered_small_seed1,layered,small,1,0,3,both,1,1,4002,7,0.4667,"(l2,l4,tr1)",0.8,"(l2,l4,tr1,k9)",0.8,"(l2,l4,tr1,k9)",p2,2,4,0.5,0.5667,0.6,0.7667,0.0667,0.1667,0.2667,0.4667,0.5,0.5667,0.6,0.6667,0.0667,0.2333,0.3667,0.5,0.4667,0.6333,0.6667,0.8,0.0667,0.2667,0.4667,0.6,True,33.653,[],4002,3714,288,False,100.013,[],0.015,16084,0.3,0.025,14129,0.8,0.8,19,4,16084,2926,0.3667,0.3667,0.3667,0.5333,0.0,0.0,0.0,0.1667,0.3667,0.5333,0.7,0.7,0.0,0.0333,0.2667,0.3,0.4667,0.5667,0.7333,0.7333,0.0,0.0667,0.2667,0.3,OK
layered_small_seed1,layered,small,1,500,3,both,1,1,5120,0,0.6667,"(l2,l4,tr1)",0.8333,"(l3,l5,tr1,k4)",0.8333,"(l3,l5,tr1,k4)",p2,2,19,0.6667,0.7333,0.7667,0.8,0.0333,0.1,0.3,0.4,0.6667,0.7,0.7667,0.8333,0.0333,0.1333,0.3333,0.4667,0.6667,0.7333,0.7667,0.8667,0.0333,0.1667,0.3333,0.5333,False,60.018,[],5120,4800,320,False,60.05,[],0.033,19584,0.3,0.04,13510,0.8333,0.8333,4,21,16084,4844,0.3667,0.4333,0.5,0.5333,0.0,0.0333,0.0667,0.2,0.3667,0.4333,0.5667,0.6333,0.0,0.0667,0.1667,0.2667,0.3667,0.4,0.4667,0.6333,0.0,0.0333,0.1333,0.2667,OK
layered_small_seed1,layered,small,1,300,3,off_off,0,0,5070,1,0.4333,"(l2,l4,tr1)",0.8333,"(l2,l4,tr1,k6)",0.8333,"(l2,l4,tr1,k6)",p2,4,12,0.5333,0.6,0.6667,0.8333,0.0,0.1333,0.2333,0.4333,0.5,0.6667,0.7333,0.8333,0.0,0.0667,0.1667,0.5333,0.5333,0.7,0.7667,0.8667,0.0,0.1333,0.3,0.4667,False,100.017,[],4770,3950,820,True,4.478,[],0.034,18184,0.3,0.025,29,0.8,0.8,13,14,16084,4280,0.4,0.4333,0.5333,0.5333,0.0,0.0333,0.1667,0.2333,0.4667,0.5333,0.5333,0.5333,0.0,0.0667,0.1,0.2333,0.4667,0.5333,0.5333,0.5333,0.0,0.0,0.0333,0.3,OK
layered_small_seed1,layered,small,1,300,3,hetero,1,0,5070,1,0.4333,"(l2,l4,tr1)",0.8333,"(l2,l4,tr1,k6)",0.8333,"(l2,l4,tr1,k6)",p2,1,12,0.5,0.5667,0.6667,0.8333,0.0,0.1667,0.2667,0.4333,0.5333,0.7,0.7667,0.8333,0.0,0.2,0.3,0.5,0.6,0.6667,0.7333,0.9,0.0,0.1333,0.2667,0.6,False,100.017,[],4770,3950,820,True,8.882,[],0.034,18184,0.3,0.024,13,0.8,0.8,13,14,16084,4280,0.4,0.4333,0.5333,0.5333,0.0,0.0333,0.1667,0.2333,0.4667,0.5333,0.5333,0.5333,0.0,0.0667,0.1,0.2333,0.4667,0.5333,0.5333,0.5333,0.0,0.0,0.0333,0.3,OK
layered_small_seed1,layered,small,1,750,3,off_off,0,0,5072,0,0.6667,"(l1,l3,tr2)",0.8333,"(l3,l5,tr1,k1)",0.8333,"(l3,l5,tr1,k1)",p2,1,14,0.6667,0.7,0.7333,0.8333,0.0,0.1,0.2333,0.4667,0.6667,0.7,0.7667,0.8667,0.0,0.1,0.2667,0.5333,0.6667,0.7,0.7333,0.8333,0.0,0.1,0.2333,0.4667,False,60.124,[],5072,4038,1034,True,1.428,[],0.036,21334,0.3,0.026,34,0.8667,0.8667,7,14,16084,4816,0.4,0.4333,0.5,0.5333,0.0,0.0,0.1,0.1667,0.4333,0.5333,0.5667,0.6,0.0,0.0667,0.1667,0.2,0.4,0.4667,0.5,0.5333,0.0,0.0667,0.1,0.2,OK
layered_small_seed1,layered,small,1,750,3,hetero,1,0,5072,0,0.6667,"(l1,l3,tr2)",0.8333,"(l2,l3,tr1,k1)",0.8333,"(l2,l3,tr1,k1)",p2,0,14,0.6667,0.7,0.7333,0.8333,0.0,0.1333,0.2333,0.4,0.6667,0.7,0.7667,0.8333,0.0,0.1333,0.3,0.5,0.6667,0.7,0.7333,0.8333,0.0,0.1667,0.3333,0.5333,False,60.124,[],5072,4038,1034,True,1.772,[],0.036,21334,0.3,0.026,7,0.8667,0.8667,7,14,16084,4816,0.4,0.4333,0.5,0.5333,0.0,0.0,0.1,0.1667,0.4333,0.5333,0.5667,0.6,0.0,0.0667,0.1667,0.2,0.4,0.4667,0.5,0.5333,0.0,0.0667,0.1,0.2,OK
layered_small_seed1,layered,small,1,750,3,conc,0,1,5072,0,0.6667,"(l1,l3,tr2)",0.8,"(l3,l5,tr1,k1)",0.8,"(l3,l5,tr1,k1)",p2,5,15,0.7,0.7,0.7333,0.8,0.0333,0.1667,0.2333,0.3333,0.6667,0.7,0.7333,0.8667,0.0,0.1333,0.2333,0.5667,0.7,0.7333,0.7667,0.8,0.0333,0.2333,0.3,0.4,False,60.124,[],5072,4208,864,False,60.008,[],0.036,21334,0.3,0.026,14624,0.8667,0.8667,7,14,16084,4816,0.4,0.4333,0.5,0.5333,0.0,0.0,0.1,0.1667,0.4333,0.5333,0.5667,0.6,0.0,0.0667,0.1667,0.2,0.4,0.4667,0.5,0.5333,0.0,0.0667,0.1,0.2,OK
layered_small_seed1,layered,small,1,300,3,conc,0,1,5070,1,0.4333,"(l2,l4,tr1)",0.8,"(l4,l5,tr1,k4)",0.8,"(l4,l5,tr1,k4)",p2,7,12,0.5,0.5667,0.7,0.7667,0.0333,0.1,0.2,0.3667,0.5,0.5667,0.7,0.8,0.0333,0.1,0.3,0.4,0.5,0.5667,0.7667,0.8,0.0,0.1,0.3,0.5,False,100.017,[],4770,4440,330,False,100.009,[],0.034,18184,0.3,0.025,12600,0.8,0.8,13,14,16084,4280,0.4,0.4333,0.5333,0.5333,0.0,0.0333,0.1667,0.2333,0.4667,0.5333,0.5333,0.5333,0.0,0.0667,0.1,0.2333,0.4667,0.5333,0.5333,0.5333,0.0,0.0,0.0333,0.3,OK
layered_small_seed1,layered,small,1,750,3,both,1,1,5072,0,0.6667,"(l1,l3,tr2)",0.8,"(l2,l4,tr1,k5)",0.8,"(l2,l4,tr1,k5)",p2,2,13,0.6667,0.7,0.7667,0.8,0.0,0.1333,0.3,0.4,0.6667,0.7,0.7667,0.8,0.0,0.1333,0.3667,0.5333,0.6667,0.7,0.8,0.8667,0.0,0.2333,0.4333,0.6,False,60.124,[],5072,4870,202,False,60.066,[],0.036,21334,0.3,0.046,14631,0.8667,0.8667,7,14,16084,4816,0.4,0.4333,0.5,0.5333,0.0,0.0,0.1,0.1667,0.4333,0.5333,0.5667,0.6,0.0,0.0667,0.1667,0.2,0.4,0.4667,0.5,0.5333,0.0,0.0667,0.1,0.2,OK
layered_small_seed1,layered,small,1,1000,3,off_off,0,0,5072,0,0.6667,"(l1,l3,tr2)",0.8333,"(l3,l5,tr1,k1)",0.8333,"(l3,l5,tr1,k1)",p2,1,14,0.6667,0.7,0.7333,0.8333,0.0,0.1,0.2333,0.4667,0.6667,0.7,0.7667,0.8667,0.0,0.1,0.2667,0.5333,0.6667,0.7,0.7333,0.8333,0.0,0.1,0.2333,0.4667,False,60.031,[],5072,4038,1034,True,1.742,[],0.032,23084,0.3,0.026,34,0.8667,0.8667,7,14,16084,4816,0.4,0.4333,0.5,0.5333,0.0,0.0,0.1,0.1667,0.4333,0.5333,0.5667,0.6,0.0,0.0667,0.1667,0.2,0.4,0.4667,0.5,0.5333,0.0,0.0667,0.1,0.2,OK
layered_small_seed1,layered,small,1,1000,3,hetero,1,0,5072,0,0.6667,"(l1,l3,tr2)",0.8333,"(l2,l3,tr1,k1)",0.8333,"(l2,l3,tr1,k1)",p2,0,14,0.6667,0.7,0.7333,0.8333,0.0,0.1333,0.2333,0.4,0.6667,0.7,0.7667,0.8333,0.0,0.1333,0.3,0.5,0.6667,0.7,0.7333,0.8333,0.0,0.1667,0.3333,0.5333,False,60.031,[],5072,4038,1034,True,1.752,[],0.032,23084,0.3,0.027,7,0.8667,0.8667,7,14,16084,4816,0.4,0.4333,0.5,0.5333,0.0,0.0,0.1,0.1667,0.4333,0.5333,0.5667,0.6,0.0,0.0667,0.1667,0.2,0.4,0.4667,0.5,0.5333,0.0,0.0667,0.1,0.2,OK
layered_small_seed1,layered,small,1,300,3,both,1,1,5070,1,0.4333,"(l2,l4,tr1)",0.8333,"(l2,l4,tr1,k2)",0.8333,"(l2,l4,tr1,k2)",p2,3,10,0.5,0.5667,0.7,0.7667,0.0,0.1,0.3,0.4,0.5,0.6667,0.7667,0.8667,0.0,0.1333,0.3667,0.5,0.5,0.5667,0.7,0.7667,0.0,0.1333,0.3333,0.4,False,100.017,[],4770,4632,138,False,100.028,[],0.034,18184,0.3,0.015,12613,0.8,0.8,13,14,16084,4280,0.4,0.4333,0.5333,0.5333,0.0,0.0333,0.1667,0.2333,0.4667,0.5333,0.5333,0.5333,0.0,0.0667,0.1,0.2333,0.4667,0.5333,0.5333,0.5333,0.0,0.0,0.0333,0.3,OK
layered_small_seed1,layered,small,1,1000,3,conc,0,1,5072,0,0.6667,"(l1,l3,tr2)",0.8,"(l2,l3,tr1,k1)",0.8,"(l2,l3,tr1,k1)",p2,5,15,0.7,0.7,0.7333,0.8,0.0333,0.1667,0.2333,0.3333,0.6667,0.7,0.7333,0.8667,0.0,0.1333,0.2333,0.5667,0.7,0.7333,0.7667,0.8,0.0333,0.2333,0.3,0.4,False,60.031,[],5072,4208,864,False,60.006,[],0.032,23084,0.3,0.013,14624,0.8667,0.8667,7,14,16084,4816,0.4,0.4333,0.5,0.5333,0.0,0.0,0.1,0.1667,0.4333,0.5333,0.5667,0.6,0.0,0.0667,0.1667,0.2,0.4,0.4667,0.5,0.5333,0.0,0.0667,0.1,0.2,OK
layered_small_seed1,layered,small,1,500,3,off_off,0,0,5072,0,0.6667,"(l1,l3,tr2)",0.8333,"(l3,l5,tr1,k1)",0.8333,"(l3,l5,tr1,k1)",p2,1,14,0.6667,0.7,0.7333,0.8333,0.0,0.1,0.2333,0.4667,0.6667,0.7,0.7667,0.8667,0.0,0.1,0.2667,0.5333,0.6667,0.7,0.7333,0.8333,0.0,0.1,0.2333,0.4667,False,100.018,[],5072,4038,1034,True,0.913,[],0.032,19584,0.3,0.019,34,0.8667,0.8667,7,14,16084,4816,0.4,0.4333,0.5,0.5333,0.0,0.0,0.1,0.1667,0.4333,0.5333,0.5667,0.6,0.0,0.0667,0.1667,0.2,0.4,0.4667,0.5,0.5333,0.0,0.0667,0.1,0.2,OK
layered_small_seed1,layered,small,1,500,3,hetero,1,0,5072,0,0.6667,"(l1,l3,tr2)",0.8333,"(l2,l3,tr1,k1)",0.8333,"(l2,l3,tr1,k1)",p2,0,14,0.6667,0.7,0.7333,0.8333,0.0,0.1333,0.2333,0.4,0.6667,0.7,0.7667,0.8333,0.0,0.1333,0.3,0.5,0.6667,0.7,0.7333,0.8333,0.0,0.1667,0.3333,0.5333,False,100.018,[],5072,4038,1034,True,2.567,[],0.032,19584,0.3,0.025,7,0.8667,0.8667,7,14,16084,4816,0.4,0.4333,0.5,0.5333,0.0,0.0,0.1,0.1667,0.4333,0.5333,0.5667,0.6,0.0,0.0667,0.1667,0.2,0.4,0.4667,0.5,0.5333,0.0,0.0667,0.1,0.2,OK
layered_small_seed1,layered,small,1,1000,3,both,1,1,5072,0,0.6667,"(l1,l3,tr2)",0.8,"(l2,l4,tr1,k5)",0.8,"(l2,l4,tr1,k5)",p2,2,13,0.6667,0.7,0.7667,0.8,0.0,0.1333,0.3,0.4,0.6667,0.7,0.7667,0.8,0.0,0.1333,0.3667,0.5333,0.6667,0.7,0.8,0.8667,0.0,0.2333,0.4333,0.6,False,60.031,[],5072,4870,202,False,60.008,[],0.032,23084,0.3,0.026,14631,0.8667,0.8667,7,14,16084,4816,0.4,0.4333,0.5,0.5333,0.0,0.0,0.1,0.1667,0.4333,0.5333,0.5667,0.6,0.0,0.0667,0.1667,0.2,0.4,0.4667,0.5,0.5333,0.0,0.0667,0.1,0.2,OK
layered_small_seed2,layered,small,2,0,3,off_off,0,0,1707,3,0.3667,"(l1,l6,tr1)",0.7667,"(l1,l6,tr1,k4)",0.7667,"(l1,l6,tr1,k4)",p2,4,3,0.3667,0.3667,0.4333,0.5333,0.0333,0.0667,0.2,0.3333,0.5333,0.5333,0.7333,0.8,0.0667,0.1333,0.4667,0.6,0.4,0.4333,0.5333,0.5333,0.0667,0.1333,0.3,0.3333,True,16.278,[],1707,1391,316,True,0.205,[],0.042,15552,0.3333,0.015,19,1.0,1.0,14,4,15552,1521,1.0,1.0,1.0,1.0,0.0,0.0,0.0,0.2,1.0,1.0,1.0,1.0,0.0,0.1333,0.3,0.6,1.0,1.0,1.0,1.0,0.0333,0.0667,0.0667,0.2333,OK
layered_small_seed2,layered,small,2,0,3,hetero,1,0,1707,3,0.3667,"(l1,l6,tr1)",0.8333,"(l1,l6,tr1,k9)",0.8333,"(l1,l6,tr1,k9)",p2,0,3,0.4,0.4333,0.6333,0.7333,0.0667,0.1333,0.4,0.5333,0.4667,0.5333,0.6667,0.7,0.1333,0.2333,0.4333,0.5,0.5333,0.6,0.7333,0.8333,0.1,0.2,0.5,0.6333,True,16.278,[],1707,1391,316,True,0.239,[],0.042,15552,0.3333,0.018,14,1.0,1.0,14,4,15552,1521,1.0,1.0,1.0,1.0,0.0,0.0,0.0,0.2,1.0,1.0,1.0,1.0,0.0,0.1333,0.3,0.6,1.0,1.0,1.0,1.0,0.0333,0.0667,0.0667,0.2333,OK
layered_small_seed2,layered,small,2,0,3,conc,0,1,1707,3,0.3667,"(l1,l6,tr1)",0.8333,"(l1,l6,tr1,k5)",0.8333,"(l1,l6,tr1,k5)",p2,7,5,0.4333,0.5667,0.7,0.7667,0.0667,0.2,0.3333,0.4333,0.4333,0.5333,0.7333,0.8667,0.1,0.2,0.5,0.7333,0.4333,0.5667,0.7,0.8333,0.0667,0.2667,0.4,0.6667,True,16.278,[],1707,1707,0,False,60.01,[],0.042,15552,0.3333,0.015,9078,1.0,1.0,14,4,15552,1521,1.0,1.0,1.0,1.0,0.0,0.0,0.0,0.2,1.0,1.0,1.0,1.0,0.0,0.1333,0.3,0.6,1.0,1.0,1.0,1.0,0.0333,0.0667,0.0667,0.2333,OK
layered_small_seed1,layered,small,1,500,3,conc,0,1,5072,0,0.6667,"(l1,l3,tr2)",0.8,"(l4,l5,tr1,k1)",0.8,"(l4,l5,tr1,k1)",p2,7,15,0.7,0.7333,0.7333,0.8,0.0,0.1,0.2333,0.3667,0.7,0.7333,0.7667,0.8667,0.0333,0.2,0.3667,0.5333,0.6667,0.7333,0.7667,0.8,0.0,0.2333,0.4,0.5667,False,100.018,[],5072,4422,650,False,100.015,[],0.032,19584,0.3,0.027,14624,0.8667,0.8667,7,14,16084,4816,0.4,0.4333,0.5,0.5333,0.0,0.0,0.1,0.1667,0.4333,0.5333,0.5667,0.6,0.0,0.0667,0.1667,0.2,0.4,0.4667,0.5,0.5333,0.0,0.0667,0.1,0.2,OK
layered_small_seed2,layered,small,2,0,3,both,1,1,1707,3,0.3667,"(l1,l6,tr1)",0.8333,"(l1,l6,tr1,k1)",0.8333,"(l1,l6,tr1,k1)",p2,7,5,0.4333,0.5667,0.7,0.8,0.0667,0.2,0.3333,0.4667,0.5333,0.6333,0.7667,0.8667,0.1333,0.3667,0.5333,0.7,0.4333,0.5333,0.6667,0.8,0.0667,0.2667,0.4,0.5333,True,16.278,[],1707,1707,0,False,60.018,[],0.042,15552,0.3333,0.015,9092,1.0,1.0,14,4,15552,1521,1.0,1.0,1.0,1.0,0.0,0.0,0.0,0.2,1.0,1.0,1.0,1.0,0.0,0.1333,0.3,0.6,1.0,1.0,1.0,1.0,0.0333,0.0667,0.0667,0.2333,OK
layered_small_seed1,layered,small,1,500,3,both,1,1,5072,0,0.6667,"(l1,l3,tr2)",0.8,"(l2,l4,tr1,k5)",0.8,"(l2,l4,tr1,k5)",p2,2,13,0.6667,0.7,0.7667,0.8,0.0,0.1333,0.3,0.4,0.6667,0.7,0.7667,0.8,0.0,0.1333,0.3667,0.5333,0.6667,0.7,0.8,0.8667,0.0,0.2333,0.4333,0.6,False,100.018,[],5072,4870,202,False,100.015,[],0.032,19584,0.3,0.026,14631,0.8667,0.8667,7,14,16084,4816,0.4,0.4333,0.5,0.5333,0.0,0.0,0.1,0.1667,0.4333,0.5333,0.5667,0.6,0.0,0.0667,0.1667,0.2,0.4,0.4667,0.5,0.5333,0.0,0.0667,0.1,0.2,OK
layered_small_seed2,layered,small,2,300,3,off_off,0,0,2560,0,0.6667,"(l1,l6,tr1)",0.8333,"(l2,l5,tr2,k8)",0.8333,"(l2,l5,tr2,k8)",p2,5,14,0.7,0.7333,0.7667,0.8,0.0333,0.0667,0.2667,0.3667,0.7333,0.7667,0.8,0.8333,0.0667,0.1333,0.4667,0.5333,0.6667,0.7333,0.8,0.8667,0.0667,0.2333,0.4667,0.6333,False,60.015,[],2560,2337,223,True,0.05,[],0.038,17052,0.3333,0.019,26,0.8667,0.8667,5,12,15552,2486,0.3333,0.3333,0.4333,0.4333,0.0667,0.1333,0.3,0.4,0.3333,0.3333,0.4667,0.4667,0.0333,0.1667,0.4333,0.5333,0.3333,0.3333,0.4333,0.4333,0.0667,0.2,0.3667,0.5333,OK
layered_small_seed2,layered,small,2,300,3,hetero,1,0,2560,0,0.6667,"(l1,l6,tr1)",0.8667,"(l4,l6,tr2,k2)",0.8667,"(l4,l6,tr2,k2)",p2,0,14,0.7,0.7333,0.7667,0.8667,0.0667,0.1333,0.3333,0.5,0.7,0.7667,0.8,0.8667,0.1,0.2,0.4667,0.6333,0.7,0.7333,0.8333,0.8667,0.0667,0.2,0.4333,0.5667,False,60.015,[],2560,2337,223,True,0.053,[],0.038,17052,0.3333,0.019,5,0.8667,0.8667,5,12,15552,2486,0.3333,0.3333,0.4333,0.4333,0.0667,0.1333,0.3,0.4,0.3333,0.3333,0.4667,0.4667,0.0333,0.1667,0.4333,0.5333,0.3333,0.3333,0.4333,0.4333,0.0667,0.2,0.3667,0.5333,OK
layered_small_seed2,layered,small,2,300,3,conc,0,1,2560,0,0.6667,"(l1,l6,tr1)",0.8333,"(l1,l6,tr1,k5)",0.8333,"(l1,l6,tr1,k5)",p2,0,13,0.7,0.7333,0.7667,0.8,0.0667,0.1667,0.3667,0.4667,0.7,0.7333,0.7667,0.8,0.0667,0.1667,0.4,0.5,0.7,0.7333,0.7667,0.8667,0.0667,0.3,0.4333,0.6,False,60.015,[],2560,2560,0,True,1.263,[],0.038,17052,0.3333,0.019,7877,0.8667,0.8667,5,12,15552,2486,0.3333,0.3333,0.4333,0.4333,0.0667,0.1333,0.3,0.4,0.3333,0.3333,0.4667,0.4667,0.0333,0.1667,0.4333,0.5333,0.3333,0.3333,0.4333,0.4333,0.0667,0.2,0.3667,0.5333,OK
layered_small_seed2,layered,small,2,300,3,both,1,1,2560,0,0.6667,"(l1,l6,tr1)",0.8333,"(l1,l6,tr1,k2)",0.8333,"(l1,l6,tr1,k2)",p2,0,12,0.7,0.7333,0.7667,0.8,0.0667,0.1667,0.3333,0.4333,0.7,0.7333,0.7667,0.8667,0.0667,0.2667,0.4,0.6,0.7,0.7333,0.7667,0.8,0.0667,0.1667,0.3333,0.4333,False,60.015,[],2560,2560,0,True,8.452,[],0.038,17052,0.3333,0.019,7882,0.8667,0.8667,5,12,15552,2486,0.3333,0.3333,0.4333,0.4333,0.0667,0.1333,0.3,0.4,0.3333,0.3333,0.4667,0.4667,0.0333,0.1667,0.4333,0.5333,0.3333,0.3333,0.4333,0.4333,0.0667,0.2,0.3667,0.5333,OK
layered_small_seed2,layered,small,2,500,3,off_off,0,0,2560,0,0.6667,"(l1,l6,tr1)",0.8333,"(l1,l6,tr1,k3)",0.8333,"(l1,l6,tr1,k3)",p2,5,14,0.7,0.7333,0.7667,0.8,0.0333,0.0667,0.2667,0.3667,0.7333,0.7667,0.8,0.8333,0.0667,0.1333,0.4667,0.5333,0.6667,0.7333,0.8,0.8667,0.0667,0.2333,0.4667,0.6333,False,60.013,[],2560,2337,223,True,0.054,[],0.039,18052,0.3333,0.019,26,0.8667,0.8667,5,12,15552,2486,0.3333,0.3333,0.4333,0.4333,0.0667,0.1333,0.3,0.4,0.3333,0.3333,0.4667,0.4667,0.0333,0.1667,0.4333,0.5333,0.3333,0.3333,0.4333,0.4333,0.0667,0.2,0.3667,0.5333,OK
layered_small_seed2,layered,small,2,500,3,hetero,1,0,2560,0,0.6667,"(l1,l6,tr1)",0.8667,"(l1,l6,tr1,k5)",0.8667,"(l1,l6,tr1,k5)",p2,0,14,0.7,0.7333,0.7667,0.8667,0.0667,0.1333,0.3333,0.5,0.7,0.7667,0.8,0.8667,0.1,0.2,0.4667,0.6333,0.7,0.7333,0.8333,0.8667,0.0667,0.2,0.4333,0.5667,False,60.013,[],2560,2337,223,True,0.052,[],0.039,18052,0.3333,0.019,5,0.8667,0.8667,5,12,15552,2486,0.3333,0.3333,0.4333,0.4333,0.0667,0.1333,0.3,0.4,0.3333,0.3333,0.4667,0.4667,0.0333,0.1667,0.4333,0.5333,0.3333,0.3333,0.4333,0.4333,0.0667,0.2,0.3667,0.5333,OK
layered_small_seed2,layered,small,2,500,3,conc,0,1,2560,0,0.6667,"(l1,l6,tr1)",0.8333,"(l1,l6,tr1,k5)",0.8333,"(l1,l6,tr1,k5)",p2,0,13,0.7,0.7333,0.7667,0.8,0.0667,0.1667,0.3667,0.4667,0.7,0.7333,0.7667,0.8,0.0667,0.1667,0.4,0.5,0.7,0.7333,0.7667,0.8667,0.0667,0.3,0.4333,0.6,False,60.013,[],2560,2560,0,True,1.274,[],0.039,18052,0.3333,0.02,7877,0.8667,0.8667,5,12,15552,2486,0.3333,0.3333,0.4333,0.4333,0.0667,0.1333,0.3,0.4,0.3333,0.3333,0.4667,0.4667,0.0333,0.1667,0.4333,0.5333,0.3333,0.3333,0.4333,0.4333,0.0667,0.2,0.3667,0.5333,OK
layered_small_seed2,layered,small,2,500,3,both,1,1,2560,0,0.6667,"(l1,l6,tr1)",0.8333,"(l1,l6,tr1,k2)",0.8333,"(l1,l6,tr1,k2)",p2,0,12,0.7,0.7333,0.7667,0.8,0.0667,0.1667,0.3333,0.4333,0.7,0.7333,0.7667,0.8667,0.0667,0.2667,0.4,0.6,0.7,0.7333,0.7667,0.8,0.0667,0.1667,0.3333,0.4333,False,60.013,[],2560,2560,0,True,12.66,[],0.039,18052,0.3333,0.019,7882,0.8667,0.8667,5,12,15552,2486,0.3333,0.3333,0.4333,0.4333,0.0667,0.1333,0.3,0.4,0.3333,0.3333,0.4667,0.4667,0.0333,0.1667,0.4333,0.5333,0.3333,0.3333,0.4333,0.4333,0.0667,0.2,0.3667,0.5333,OK
layered_small_seed1,layered,small,1,750,3,off_off,0,0,5072,0,0.6667,"(l1,l3,tr2)",0.8333,"(l3,l5,tr1,k1)",0.8333,"(l3,l5,tr1,k1)",p2,1,14,0.6667,0.7,0.7333,0.8333,0.0,0.1,0.2333,0.4667,0.6667,0.7,0.7667,0.8667,0.0,0.1,0.2667,0.5333,0.6667,0.7,0.7333,0.8333,0.0,0.1,0.2333,0.4667,True,95.06,[],5072,4038,1034,True,1.591,[],0.032,21334,0.3,0.025,34,0.8667,0.8667,7,14,16084,4816,0.4,0.4333,0.5,0.5333,0.0,0.0,0.1,0.1667,0.4333,0.5333,0.5667,0.6,0.0,0.0667,0.1667,0.2,0.4,0.4667,0.5,0.5333,0.0,0.0667,0.1,0.2,OK
layered_small_seed1,layered,small,1,750,3,hetero,1,0,5072,0,0.6667,"(l1,l3,tr2)",0.8333,"(l2,l3,tr1,k1)",0.8333,"(l2,l3,tr1,k1)",p2,0,14,0.6667,0.7,0.7333,0.8333,0.0,0.1333,0.2333,0.4,0.6667,0.7,0.7667,0.8333,0.0,0.1333,0.3,0.5,0.6667,0.7,0.7333,0.8333,0.0,0.1667,0.3333,0.5333,True,95.06,[],5072,4038,1034,True,1.975,[],0.032,21334,0.3,0.025,7,0.8667,0.8667,7,14,16084,4816,0.4,0.4333,0.5,0.5333,0.0,0.0,0.1,0.1667,0.4333,0.5333,0.5667,0.6,0.0,0.0667,0.1667,0.2,0.4,0.4667,0.5,0.5333,0.0,0.0667,0.1,0.2,OK
layered_small_seed2,layered,small,2,750,3,off_off,0,0,4581,0,0.6667,"(l1,l6,tr1)",0.7667,"(l1,l6,tr1,k4)",0.7667,"(l1,l6,tr1,k4)",p2,13,13,0.6667,0.6667,0.6667,0.7667,0.0,0.0333,0.0333,0.1667,0.6667,0.6667,0.8,0.8,0.0,0.2333,0.3667,0.5667,0.6667,0.7333,0.7333,0.7667,0.0667,0.1333,0.3667,0.4,False,60.017,[],4581,3653,928,True,0.063,[],0.038,19302,0.3333,0.021,24,0.9333,0.9333,13,13,15552,3653,0.3333,0.3333,0.3333,0.3333,0.0,0.0333,0.0333,0.1667,0.3333,0.3333,0.3333,0.3333,0.0,0.2333,0.3667,0.5,0.3333,0.3333,0.3667,0.3667,0.0667,0.1333,0.3667,0.4,OK
layered_small_seed2,layered,small,2,750,3,hetero,1,0,4581,0,0.6667,"(l1,l6,tr1)",0.8333,"(l3,l5,tr1,k1)",0.8333,"(l3,l5,tr1,k1)",p2,1,19,0.6667,0.7333,0.7333,0.8333,0.0333,0.1333,0.2,0.4,0.6667,0.7333,0.7333,0.8667,0.0667,0.2333,0.4,0.6333,0.6667,0.7333,0.8,0.8333,0.0333,0.2,0.3,0.4667,False,60.017,[],4581,3653,928,True,0.079,[],0.038,19302,0.3333,0.019,13,0.9333,0.9333,13,13,15552,3653,0.3333,0.3333,0.3333,0.3333,0.0,0.0333,0.0333,0.1667,0.3333,0.3333,0.3333,0.3333,0.0,0.2333,0.3667,0.5,0.3333,0.3333,0.3667,0.3667,0.0667,0.1333,0.3667,0.4,OK
layered_small_seed1,layered,small,1,750,3,conc,0,1,5072,0,0.6667,"(l1,l3,tr2)",0.8,"(l3,l5,tr1,k4)",0.8,"(l3,l5,tr1,k4)",p2,7,15,0.7,0.7333,0.7333,0.8,0.0,0.1,0.2333,0.3667,0.7,0.7333,0.7667,0.8667,0.0333,0.2,0.3667,0.5333,0.6667,0.7333,0.7667,0.8,0.0,0.2333,0.4,0.5667,True,95.06,[],5072,4422,650,False,100.014,[],0.032,21334,0.3,0.026,14624,0.8667,0.8667,7,14,16084,4816,0.4,0.4333,0.5,0.5333,0.0,0.0,0.1,0.1667,0.4333,0.5333,0.5667,0.6,0.0,0.0667,0.1667,0.2,0.4,0.4667,0.5,0.5333,0.0,0.0667,0.1,0.2,OK
layered_small_seed2,layered,small,2,750,3,conc,0,1,4581,0,0.6667,"(l1,l6,tr1)",0.7667,"(l2,l6,tr1,k6)",0.7667,"(l2,l6,tr1,k6)",p2,5,17,0.6667,0.7333,0.7333,0.7667,0.0333,0.1,0.2333,0.3,0.6667,0.7333,0.7333,0.7667,0.0333,0.1333,0.3333,0.4333,0.6667,0.7333,0.7667,0.8,0.0333,0.2,0.4333,0.5333,False,60.017,[],4581,4063,518,False,60.012,[],0.038,19302,0.3333,0.019,8869,0.9333,0.9333,13,13,15552,3653,0.3333,0.3333,0.3333,0.3333,0.0,0.0333,0.0333,0.1667,0.3333,0.3333,0.3333,0.3333,0.0,0.2333,0.3667,0.5,0.3333,0.3333,0.3667,0.3667,0.0667,0.1333,0.3667,0.4,OK
layered_small_seed2,layered,small,2,750,3,both,1,1,4581,0,0.6667,"(l1,l6,tr1)",0.7667,"(l2,l6,tr1,k4)",0.7667,"(l2,l6,tr1,k4)",p2,5,17,0.6667,0.7333,0.7333,0.7667,0.0333,0.1,0.2333,0.3,0.6667,0.7333,0.7333,0.9,0.0333,0.2333,0.3667,0.6333,0.6667,0.7333,0.7333,0.8,0.0333,0.1,0.2333,0.5333,False,60.017,[],4581,4063,518,False,60.01,[],0.038,19302,0.3333,0.019,8882,0.9333,0.9333,13,13,15552,3653,0.3333,0.3333,0.3333,0.3333,0.0,0.0333,0.0333,0.1667,0.3333,0.3333,0.3333,0.3333,0.0,0.2333,0.3667,0.5,0.3333,0.3333,0.3667,0.3667,0.0667,0.1333,0.3667,0.4,OK
layered_small_seed1,layered,small,1,750,3,both,1,1,5072,0,0.6667,"(l1,l3,tr2)",0.8333,"(l2,l4,tr1,k3)",0.8333,"(l2,l4,tr1,k3)",p2,0,12,0.6667,0.7,0.7667,0.8333,0.0,0.1333,0.3333,0.4333,0.6667,0.7,0.7667,0.8333,0.0,0.1333,0.3333,0.5667,0.6667,0.7,0.8,0.8333,0.0,0.1333,0.3667,0.5667,True,95.06,[],5072,4880,192,False,100.012,[],0.032,21334,0.3,0.025,14631,0.8667,0.8667,7,14,16084,4816,0.4,0.4333,0.5,0.5333,0.0,0.0,0.1,0.1667,0.4333,0.5333,0.5667,0.6,0.0,0.0667,0.1667,0.2,0.4,0.4667,0.5,0.5333,0.0,0.0667,0.1,0.2,OK
layered_small_seed2,layered,small,2,1000,3,off_off,0,0,2601,0,0.6667,"(l1,l4,tr2)",0.8333,"(l4,l6,tr2,k3)",0.8333,"(l4,l6,tr2,k3)",p2,1,9,0.6667,0.7,0.7667,0.8333,0.1,0.2333,0.4333,0.6,0.6667,0.7,0.7667,0.9,0.0667,0.2,0.4,0.6333,0.6667,0.7333,0.8333,0.9,0.1,0.2667,0.4667,0.6667,False,60.036,[],2601,2247,354,True,0.095,[],0.038,20552,0.3333,0.024,26,0.8667,0.8667,5,7,15552,2471,0.3333,0.3667,0.4333,0.5333,0.0667,0.2,0.4,0.6,0.3333,0.3667,0.4333,0.5667,0.0667,0.2,0.4,0.6333,0.4333,0.5,0.5333,0.5667,0.1333,0.2667,0.5,0.6667,OK
layered_small_seed2,layered,small,2,1000,3,hetero,1,0,2601,0,0.6667,"(l1,l4,tr2)",0.9,"(l4,l6,tr2,k5)",0.9,"(l4,l6,tr2,k5)",p2,0,7,0.6667,0.7,0.8,0.9,0.0667,0.2,0.4333,0.6333,0.6667,0.7,0.8,0.9,0.1,0.2,0.4333,0.6333,0.6667,0.7667,0.8,0.9,0.1,0.3,0.4667,0.6333,False,60.036,[],2601,2247,354,True,0.11,[],0.038,20552,0.3333,0.025,5,0.8667,0.8667,5,7,15552,2471,0.3333,0.3667,0.4333,0.5333,0.0667,0.2,0.4,0.6,0.3333,0.3667,0.4333,0.5667,0.0667,0.2,0.4,0.6333,0.4333,0.5,0.5333,0.5667,0.1333,0.2667,0.5,0.6667,OK
layered_small_seed1,layered,small,1,1000,3,off_off,0,0,5072,0,0.6667,"(l1,l3,tr2)",0.8333,"(l3,l5,tr1,k1)",0.8333,"(l3,l5,tr1,k1)",p2,1,14,0.6667,0.7,0.7333,0.8333,0.0,0.1,0.2333,0.4667,0.6667,0.7,0.7667,0.8667,0.0,0.1,0.2667,0.5333,0.6667,0.7,0.7333,0.8333,0.0,0.1,0.2333,0.4667,True,52.435,[],5072,4038,1034,True,1.662,[],0.032,23084,0.3,0.025,34,0.8667,0.8667,7,14,16084,4816,0.4,0.4333,0.5,0.5333,0.0,0.0,0.1,0.1667,0.4333,0.5333,0.5667,0.6,0.0,0.0667,0.1667,0.2,0.4,0.4667,0.5,0.5333,0.0,0.0667,0.1,0.2,OK
layered_small_seed1,layered,small,1,1000,3,hetero,1,0,5072,0,0.6667,"(l1,l3,tr2)",0.8333,"(l2,l3,tr1,k1)",0.8333,"(l2,l3,tr1,k1)",p2,0,14,0.6667,0.7,0.7333,0.8333,0.0,0.1333,0.2333,0.4,0.6667,0.7,0.7667,0.8333,0.0,0.1333,0.3,0.5,0.6667,0.7,0.7333,0.8333,0.0,0.1667,0.3333,0.5333,True,52.435,[],5072,4038,1034,True,2.595,[],0.032,23084,0.3,0.026,7,0.8667,0.8667,7,14,16084,4816,0.4,0.4333,0.5,0.5333,0.0,0.0,0.1,0.1667,0.4333,0.5333,0.5667,0.6,0.0,0.0667,0.1667,0.2,0.4,0.4667,0.5,0.5333,0.0,0.0667,0.1,0.2,OK
layered_small_seed2,layered,small,2,1000,3,conc,0,1,2601,0,0.6667,"(l1,l4,tr2)",0.8667,"(l1,l4,tr2,k5)",0.8667,"(l1,l4,tr2,k5)",p2,10,14,0.6667,0.7,0.7333,0.8333,0.0333,0.1,0.2,0.3667,0.6667,0.7,0.8333,0.8333,0.0333,0.2,0.4,0.4667,0.6667,0.7333,0.8,0.8333,0.0667,0.2,0.4333,0.5333,False,60.036,[],2601,2545,56,False,60.006,[],0.038,20552,0.3333,0.025,14138,0.8667,0.8667,5,7,15552,2471,0.3333,0.3667,0.4333,0.5333,0.0667,0.2,0.4,0.6,0.3333,0.3667,0.4333,0.5667,0.0667,0.2,0.4,0.6333,0.4333,0.5,0.5333,0.5667,0.1333,0.2667,0.5,0.6667,OK
layered_small_seed1,layered,small,1,1000,3,conc,0,1,5072,0,0.6667,"(l1,l3,tr2)",0.8,"(l4,l5,tr1,k1)",0.8,"(l4,l5,tr1,k1)",p2,7,15,0.7,0.7333,0.7333,0.8,0.0,0.1,0.2333,0.3667,0.7,0.7333,0.7667,0.8667,0.0333,0.2,0.3667,0.5333,0.6667,0.7333,0.7667,0.8,0.0,0.2333,0.4,0.5667,True,52.435,[],5072,4422,650,False,100.009,[],0.032,23084,0.3,0.025,14624,0.8667,0.8667,7,14,16084,4816,0.4,0.4333,0.5,0.5333,0.0,0.0,0.1,0.1667,0.4333,0.5333,0.5667,0.6,0.0,0.0667,0.1667,0.2,0.4,0.4667,0.5,0.5333,0.0,0.0667,0.1,0.2,OK
layered_small_seed2,layered,small,2,1000,3,both,1,1,2601,0,0.6667,"(l1,l4,tr2)",0.8333,"(l2,l5,tr2,k1)",0.8333,"(l2,l5,tr2,k1)",p2,13,13,0.7,0.7333,0.7667,0.8333,0.0667,0.1333,0.3,0.3667,0.6667,0.7333,0.8333,0.8667,0.0333,0.2667,0.5,0.5667,0.7,0.7667,0.8,0.8333,0.0667,0.2333,0.3667,0.5333,False,60.036,[],2601,2601,0,False,60.008,[],0.038,20552,0.3333,0.025,14143,0.8667,0.8667,5,7,15552,2471,0.3333,0.3667,0.4333,0.5333,0.0667,0.2,0.4,0.6,0.3333,0.3667,0.4333,0.5667,0.0667,0.2,0.4,0.6333,0.4333,0.5,0.5333,0.5667,0.1333,0.2667,0.5,0.6667,OK
layered_small_seed3,layered,small,3,0,3,off_off,0,0,5756,6,0.1667,"(l4,l5,tr2)",0.8667,"(l1,l4,tr1,k1)",0.8667,"(l1,l4,tr1,k1)",p1,29,2,0.3667,0.4,0.5,0.7,0.0,0.0667,0.3,0.6,0.2667,0.2667,0.5,0.7,0.0667,0.1667,0.3333,0.6333,0.3667,0.4667,0.5667,0.7667,0.1,0.1667,0.3667,0.7,True,28.734,[],5756,4564,1192,False,60.017,[],0.032,14016,0.1667,0.026,37,0.9,0.9,29,2,14016,4564,0.3667,0.4,0.5,0.6333,0.0,0.0667,0.3,0.6,0.3667,0.4667,0.5667,0.6667,0.0667,0.1667,0.3333,0.6333,0.3667,0.4333,0.5333,0.6333,0.1,0.1667,0.3667,0.7,OK
layered_small_seed1,layered,small,1,1000,3,both,1,1,5072,0,0.6667,"(l1,l3,tr2)",0.8,"(l2,l4,tr1,k5)",0.8,"(l2,l4,tr1,k5)",p2,2,13,0.6667,0.7,0.7667,0.8,0.0,0.1333,0.3,0.4,0.6667,0.7,0.7667,0.8,0.0,0.1333,0.3667,0.5333,0.6667,0.7,0.8,0.8667,0.0,0.2333,0.4333,0.6,True,52.435,[],5072,4870,202,False,100.008,[],0.032,23084,0.3,0.025,14631,0.8667,0.8667,7,14,16084,4816,0.4,0.4333,0.5,0.5333,0.0,0.0,0.1,0.1667,0.4333,0.5333,0.5667,0.6,0.0,0.0667,0.1667,0.2,0.4,0.4667,0.5,0.5333,0.0,0.0667,0.1,0.2,OK
layered_small_seed2,layered,small,2,0,3,off_off,0,0,1707,3,0.3667,"(l1,l6,tr1)",0.7667,"(l1,l6,tr1,k3)",0.7667,"(l1,l6,tr1,k3)",p2,4,3,0.3667,0.3667,0.4333,0.5333,0.0333,0.0667,0.2,0.3333,0.5333,0.5333,0.7333,0.8,0.0667,0.1333,0.4667,0.6,0.4,0.4333,0.5333,0.5333,0.0667,0.1333,0.3,0.3333,True,15.691,[],1707,1391,316,True,0.352,[],0.038,15552,0.3333,0.018,19,1.0,1.0,14,4,15552,1521,1.0,1.0,1.0,1.0,0.0,0.0,0.0,0.2,1.0,1.0,1.0,1.0,0.0,0.1333,0.3,0.6,1.0,1.0,1.0,1.0,0.0333,0.0667,0.0667,0.2333,OK
layered_small_seed2,layered,small,2,0,3,hetero,1,0,1707,3,0.3667,"(l1,l6,tr1)",0.8333,"(l1,l6,tr1,k9)",0.8333,"(l1,l6,tr1,k9)",p2,0,3,0.4,0.4333,0.6333,0.7333,0.0667,0.1333,0.4,0.5333,0.4667,0.5333,0.6667,0.7,0.1333,0.2333,0.4333,0.5,0.5333,0.6,0.7333,0.8333,0.1,0.2,0.5,0.6333,True,15.691,[],1707,1391,316,True,0.235,[],0.038,15552,0.3333,0.015,14,1.0,1.0,14,4,15552,1521,1.0,1.0,1.0,1.0,0.0,0.0,0.0,0.2,1.0,1.0,1.0,1.0,0.0,0.1333,0.3,0.6,1.0,1.0,1.0,1.0,0.0333,0.0667,0.0667,0.2333,OK
layered_small_seed3,layered,small,3,0,3,hetero,1,0,5756,6,0.1667,"(l4,l5,tr2)",0.8667,"(l1,l4,tr1,k4)",0.8667,"(l1,l4,tr1,k4)",p1,4,0,0.3,0.4667,0.6667,0.8,0.1,0.2333,0.5,0.7,0.3,0.4333,0.6333,0.7667,0.1,0.3,0.5333,0.7333,0.3,0.4667,0.6667,0.8,0.1333,0.3,0.5667,0.7333,True,28.734,[],5756,4564,1192,False,60.011,[],0.032,14016,0.1667,0.027,29,0.9,0.9,29,2,14016,4564,0.3667,0.4,0.5,0.6333,0.0,0.0667,0.3,0.6,0.3667,0.4667,0.5667,0.6667,0.0667,0.1667,0.3333,0.6333,0.3667,0.4333,0.5333,0.6333,0.1,0.1667,0.3667,0.7,OK
layered_small_seed3,layered,small,3,0,3,conc,0,1,5756,6,0.1667,"(l4,l5,tr2)",0.8667,"(l1,l4,tr1,k3)",0.8667,"(l1,l4,tr1,k3)",p1,28,2,0.2667,0.3667,0.5333,0.6667,0.0,0.1333,0.3667,0.6,0.4,0.5667,0.6333,0.8,0.1333,0.2667,0.4667,0.7,0.3333,0.4333,0.5667,0.7333,0.0667,0.3,0.5,0.6667,True,28.734,[],5756,5448,308,False,60.015,[],0.032,14016,0.1667,0.031,29817,0.9,0.9,29,2,14016,4564,0.3667,0.4,0.5,0.6333,0.0,0.0667,0.3,0.6,0.3667,0.4667,0.5667,0.6667,0.0667,0.1667,0.3333,0.6333,0.3667,0.4333,0.5333,0.6333,0.1,0.1667,0.3667,0.7,OK
layered_small_seed2,layered,small,2,0,3,conc,0,1,1707,3,0.3667,"(l1,l6,tr1)",0.8333,"(l1,l6,tr1,k5)",0.8333,"(l1,l6,tr1,k5)",p2,7,5,0.4333,0.5667,0.7,0.7667,0.0667,0.2,0.3333,0.4333,0.4333,0.5333,0.7333,0.8667,0.1,0.2,0.5,0.7333,0.4333,0.5667,0.7,0.8333,0.0667,0.2667,0.4,0.6667,True,15.691,[],1707,1707,0,False,100.006,[],0.038,15552,0.3333,0.015,9078,1.0,1.0,14,4,15552,1521,1.0,1.0,1.0,1.0,0.0,0.0,0.0,0.2,1.0,1.0,1.0,1.0,0.0,0.1333,0.3,0.6,1.0,1.0,1.0,1.0,0.0333,0.0667,0.0667,0.2333,OK
layered_small_seed3,layered,small,3,0,3,both,1,1,5756,6,0.1667,"(l4,l5,tr2)",0.8667,"(l1,l4,tr1,k2)",0.8667,"(l1,l4,tr1,k2)",p1,31,2,0.2667,0.3667,0.5333,0.6,0.0,0.1333,0.4,0.5333,0.4,0.6333,0.7,0.8333,0.0667,0.1667,0.3667,0.7,0.3,0.4333,0.5333,0.6667,0.1333,0.2667,0.3667,0.6,True,28.734,[],5756,5448,308,False,60.016,[],0.032,14016,0.1667,0.027,29846,0.9,0.9,29,2,14016,4564,0.3667,0.4,0.5,0.6333,0.0,0.0667,0.3,0.6,0.3667,0.4667,0.5667,0.6667,0.0667,0.1667,0.3333,0.6333,0.3667,0.4333,0.5333,0.6333,0.1,0.1667,0.3667,0.7,OK
layered_small_seed2,layered,small,2,0,3,both,1,1,1707,3,0.3667,"(l1,l6,tr1)",0.8333,"(l1,l6,tr1,k1)",0.8333,"(l1,l6,tr1,k1)",p2,7,5,0.4333,0.5667,0.7,0.8,0.0667,0.2,0.3333,0.4667,0.5333,0.6333,0.7667,0.8667,0.1333,0.3667,0.5333,0.7,0.4333,0.5333,0.6667,0.8,0.0667,0.2667,0.4,0.5333,True,15.691,[],1707,1707,0,False,100.008,[],0.038,15552,0.3333,0.009,9092,1.0,1.0,14,4,15552,1521,1.0,1.0,1.0,1.0,0.0,0.0,0.0,0.2,1.0,1.0,1.0,1.0,0.0,0.1333,0.3,0.6,1.0,1.0,1.0,1.0,0.0333,0.0667,0.0667,0.2333,OK
layered_small_seed3,layered,small,3,300,3,off_off,0,0,6980,1,0.1667,"(l4,l5,tr2)",0.8667,"(l3,l6,tr1,k1)",0.8667,"(l3,l6,tr1,k1)",p2,12,11,0.2333,0.4,0.6,0.8,0.0333,0.1667,0.4,0.5333,0.3,0.4667,0.7333,0.8,0.0333,0.2,0.3333,0.5667,0.3,0.4,0.6,0.8,0.0667,0.1667,0.4,0.5333,False,60.011,[],6680,5248,1432,False,60.021,[],0.033,15816,0.1667,0.031,41,0.9,0.9,23,11,14016,5752,0.3,0.3667,0.3667,0.3667,0.0667,0.1,0.2333,0.3667,0.3667,0.3667,0.3667,0.3667,0.0,0.1667,0.3333,0.5,0.3,0.3667,0.3667,0.3667,0.0,0.1,0.1667,0.4,OK
layered_small_seed2,layered,small,2,300,3,off_off,0,0,2560,0,0.6667,"(l1,l6,tr1)",0.8333,"(l2,l5,tr2,k8)",0.8333,"(l2,l5,tr2,k8)",p2,5,14,0.7,0.7333,0.7667,0.8,0.0333,0.0667,0.2667,0.3667,0.7333,0.7667,0.8,0.8333,0.0667,0.1333,0.4667,0.5333,0.6667,0.7333,0.8,0.8667,0.0667,0.2333,0.4667,0.6333,False,100.014,[],2560,2337,223,True,0.053,[],0.043,17052,0.3333,0.02,26,0.8667,0.8667,5,12,15552,2486,0.3333,0.3333,0.4333,0.4333,0.0667,0.1333,0.3,0.4,0.3333,0.3333,0.4667,0.4667,0.0333,0.1667,0.4333,0.5333,0.3333,0.3333,0.4333,0.4333,0.0667,0.2,0.3667,0.5333,OK
layered_small_seed2,layered,small,2,300,3,hetero,1,0,2560,0,0.6667,"(l1,l6,tr1)",0.8667,"(l4,l6,tr2,k2)",0.8667,"(l4,l6,tr2,k2)",p2,0,14,0.7,0.7333,0.7667,0.8667,0.0667,0.1333,0.3333,0.5,0.7,0.7667,0.8,0.8667,0.1,0.2,0.4667,0.6333,0.7,0.7333,0.8333,0.8667,0.0667,0.2,0.4333,0.5667,False,100.014,[],2560,2337,223,True,0.055,[],0.043,17052,0.3333,0.02,5,0.8667,0.8667,5,12,15552,2486,0.3333,0.3333,0.4333,0.4333,0.0667,0.1333,0.3,0.4,0.3333,0.3333,0.4667,0.4667,0.0333,0.1667,0.4333,0.5333,0.3333,0.3333,0.4333,0.4333,0.0667,0.2,0.3667,0.5333,OK
layered_small_seed2,layered,small,2,300,3,conc,0,1,2560,0,0.6667,"(l1,l6,tr1)",0.8333,"(l1,l6,tr1,k5)",0.8333,"(l1,l6,tr1,k5)",p2,0,13,0.7,0.7333,0.7667,0.8,0.0667,0.1667,0.3667,0.4667,0.7,0.7333,0.7667,0.8,0.0667,0.1667,0.4,0.5,0.7,0.7333,0.7667,0.8667,0.0667,0.3,0.4333,0.6,False,100.014,[],2560,2560,0,True,1.283,[],0.043,17052,0.3333,0.02,7877,0.8667,0.8667,5,12,15552,2486,0.3333,0.3333,0.4333,0.4333,0.0667,0.1333,0.3,0.4,0.3333,0.3333,0.4667,0.4667,0.0333,0.1667,0.4333,0.5333,0.3333,0.3333,0.4333,0.4333,0.0667,0.2,0.3667,0.5333,OK
layered_small_seed2,layered,small,2,300,3,both,1,1,2560,0,0.6667,"(l1,l6,tr1)",0.8333,"(l1,l6,tr1,k2)",0.8333,"(l1,l6,tr1,k2)",p2,0,12,0.7,0.7333,0.7667,0.8,0.0667,0.1667,0.3333,0.4333,0.7,0.7333,0.7667,0.8667,0.0667,0.2667,0.4,0.6,0.7,0.7333,0.7667,0.8,0.0667,0.1667,0.3333,0.4333,False,100.014,[],2560,2560,0,True,8.147,[],0.043,17052,0.3333,0.02,7882,0.8667,0.8667,5,12,15552,2486,0.3333,0.3333,0.4333,0.4333,0.0667,0.1333,0.3,0.4,0.3333,0.3333,0.4667,0.4667,0.0333,0.1667,0.4333,0.5333,0.3333,0.3333,0.4333,0.4333,0.0667,0.2,0.3667,0.5333,OK
layered_small_seed3,layered,small,3,300,3,hetero,1,0,6980,1,0.1667,"(l4,l5,tr2)",0.8667,"(l3,l6,tr1,k2)",0.8667,"(l3,l6,tr1,k2)",p2,3,10,0.2333,0.4,0.6667,0.8,0.0667,0.2,0.3667,0.5667,0.2667,0.4,0.6333,0.7333,0.0667,0.2,0.4667,0.5667,0.3333,0.5,0.7,0.8333,0.0667,0.2,0.4333,0.6,False,60.011,[],6680,5248,1432,False,60.011,[],0.033,15816,0.1667,0.03,23,0.9,0.9,23,11,14016,5752,0.3,0.3667,0.3667,0.3667,0.0667,0.1,0.2333,0.3667,0.3667,0.3667,0.3667,0.3667,0.0,0.1667,0.3333,0.5,0.3,0.3667,0.3667,0.3667,0.0,0.1,0.1667,0.4,OK
layered_small_seed3,layered,small,3,300,3,conc,0,1,6980,1,0.1667,"(l4,l5,tr2)",0.8667,"(l3,l6,tr1,k1)",0.8667,"(l3,l6,tr1,k1)",p2,23,10,0.2333,0.4,0.6,0.8,0.0333,0.2,0.2333,0.5667,0.2333,0.4333,0.6667,0.8,0.0333,0.3,0.3333,0.6,0.2667,0.5,0.7,0.8667,0.0333,0.2667,0.4,0.6,False,60.011,[],6680,6440,240,False,60.014,[],0.033,15816,0.1667,0.03,27891,0.9,0.9,23,11,14016,5752,0.3,0.3667,0.3667,0.3667,0.0667,0.1,0.2333,0.3667,0.3667,0.3667,0.3667,0.3667,0.0,0.1667,0.3333,0.5,0.3,0.3667,0.3667,0.3667,0.0,0.1,0.1667,0.4,OK
layered_small_seed2,layered,small,2,500,3,off_off,0,0,2560,0,0.6667,"(l1,l6,tr1)",0.8333,"(l1,l6,tr1,k3)",0.8333,"(l1,l6,tr1,k3)",p2,5,14,0.7,0.7333,0.7667,0.8,0.0333,0.0667,0.2667,0.3667,0.7333,0.7667,0.8,0.8333,0.0667,0.1333,0.4667,0.5333,0.6667,0.7333,0.8,0.8667,0.0667,0.2333,0.4667,0.6333,False,100.027,[],2560,2337,223,True,0.057,[],0.041,18052,0.3333,0.02,26,0.8667,0.8667,5,12,15552,2486,0.3333,0.3333,0.4333,0.4333,0.0667,0.1333,0.3,0.4,0.3333,0.3333,0.4667,0.4667,0.0333,0.1667,0.4333,0.5333,0.3333,0.3333,0.4333,0.4333,0.0667,0.2,0.3667,0.5333,OK
layered_small_seed2,layered,small,2,500,3,hetero,1,0,2560,0,0.6667,"(l1,l6,tr1)",0.8667,"(l4,l6,tr2,k2)",0.8667,"(l4,l6,tr2,k2)",p2,0,14,0.7,0.7333,0.7667,0.8667,0.0667,0.1333,0.3333,0.5,0.7,0.7667,0.8,0.8667,0.1,0.2,0.4667,0.6333,0.7,0.7333,0.8333,0.8667,0.0667,0.2,0.4333,0.5667,False,100.027,[],2560,2337,223,True,0.049,[],0.041,18052,0.3333,0.019,5,0.8667,0.8667,5,12,15552,2486,0.3333,0.3333,0.4333,0.4333,0.0667,0.1333,0.3,0.4,0.3333,0.3333,0.4667,0.4667,0.0333,0.1667,0.4333,0.5333,0.3333,0.3333,0.4333,0.4333,0.0667,0.2,0.3667,0.5333,OK
layered_small_seed2,layered,small,2,500,3,conc,0,1,2560,0,0.6667,"(l1,l6,tr1)",0.8333,"(l1,l6,tr1,k5)",0.8333,"(l1,l6,tr1,k5)",p2,0,13,0.7,0.7333,0.7667,0.8,0.0667,0.1667,0.3667,0.4667,0.7,0.7333,0.7667,0.8,0.0667,0.1667,0.4,0.5,0.7,0.7333,0.7667,0.8667,0.0667,0.3,0.4333,0.6,False,100.027,[],2560,2560,0,True,0.767,[],0.041,18052,0.3333,0.024,7877,0.8667,0.8667,5,12,15552,2486,0.3333,0.3333,0.4333,0.4333,0.0667,0.1333,0.3,0.4,0.3333,0.3333,0.4667,0.4667,0.0333,0.1667,0.4333,0.5333,0.3333,0.3333,0.4333,0.4333,0.0667,0.2,0.3667,0.5333,OK
layered_small_seed2,layered,small,2,500,3,both,1,1,2560,0,0.6667,"(l1,l6,tr1)",0.8333,"(l4,l6,tr2,k1)",0.8333,"(l4,l6,tr2,k1)",p2,0,12,0.7,0.7333,0.7667,0.8,0.0667,0.1667,0.3333,0.4333,0.7,0.7333,0.7667,0.8667,0.0667,0.2667,0.4,0.6,0.7,0.7333,0.7667,0.8,0.0667,0.1667,0.3333,0.4333,False,100.027,[],2560,2560,0,True,12.983,[],0.041,18052,0.3333,0.02,7882,0.8667,0.8667,5,12,15552,2486,0.3333,0.3333,0.4333,0.4333,0.0667,0.1333,0.3,0.4,0.3333,0.3333,0.4667,0.4667,0.0333,0.1667,0.4333,0.5333,0.3333,0.3333,0.4333,0.4333,0.0667,0.2,0.3667,0.5333,OK
layered_small_seed3,layered,small,3,300,3,both,1,1,6980,1,0.1667,"(l4,l5,tr2)",0.8667,"(l3,l6,tr1,k1)",0.8667,"(l3,l6,tr1,k1)",p2,25,10,0.2333,0.4,0.7,0.8,0.0333,0.1333,0.2,0.4333,0.2333,0.3333,0.5333,0.7667,0.0,0.2667,0.4333,0.6,0.3,0.5333,0.7,0.8667,0.0333,0.1667,0.2333,0.6,False,60.011,[],6680,6328,352,False,60.013,[],0.033,15816,0.1667,0.015,27914,0.9,0.9,23,11,14016,5752,0.3,0.3667,0.3667,0.3667,0.0667,0.1,0.2333,0.3667,0.3667,0.3667,0.3667,0.3667,0.0,0.1667,0.3333,0.5,0.3,0.3667,0.3667,0.3667,0.0,0.1,0.1667,0.4,OK
layered_small_seed2,layered,small,2,750,3,off_off,0,0,4500,0,0.6667,"(l1,l3,tr1)",0.8,"(l3,l6,tr1,k2)",0.8,"(l3,l6,tr1,k2)",p2,3,10,0.6667,0.7,0.7333,0.8,0.0333,0.2,0.2667,0.4333,0.6667,0.7,0.7667,0.8667,0.0667,0.1667,0.3,0.6,0.6667,0.7,0.7333,0.9,0.0333,0.2333,0.3667,0.6,False,100.019,[],4500,3612,888,True,0.058,[],0.038,19302,0.3333,0.021,23,1.0,1.0,9,7,15552,3686,1.0,1.0,1.0,1.0,0.0,0.0333,0.0333,0.0667,1.0,1.0,1.0,1.0,0.0,0.0,0.0333,0.1667,1.0,1.0,1.0,1.0,0.0333,0.1667,0.3,0.4333,OK
layered_small_seed2,layered,small,2,750,3,hetero,1,0,4500,0,0.6667,"(l1,l3,tr1)",0.8333,"(l3,l6,tr1,k1)",0.8333,"(l3,l6,tr1,k1)",p2,1,10,0.6667,0.7333,0.7333,0.8333,0.0667,0.2,0.3333,0.5333,0.6667,0.7,0.7667,0.9,0.0667,0.1667,0.3333,0.6333,0.6667,0.7333,0.8,0.8333,0.0667,0.2333,0.4,0.5333,False,100.019,[],4500,3612,888,True,0.082,[],0.038,19302,0.3333,0.024,9,1.0,1.0,9,7,15552,3686,1.0,1.0,1.0,1.0,0.0,0.0333,0.0333,0.0667,1.0,1.0,1.0,1.0,0.0,0.0,0.0333,0.1667,1.0,1.0,1.0,1.0,0.0333,0.1667,0.3,0.4333,OK
layered_small_seed2,layered,small,2,750,3,conc,0,1,4500,0,0.6667,"(l1,l3,tr1)",0.8333,"(l1,l6,tr1,k2)",0.8333,"(l1,l6,tr1,k2)",p2,1,9,0.7,0.7333,0.7667,0.8,0.0667,0.2,0.3,0.4,0.7,0.7333,0.8,0.9,0.0667,0.2333,0.4667,0.6333,0.7,0.7333,0.7667,0.8,0.0667,0.2,0.3,0.4,False,100.019,[],4500,4500,0,True,0.069,[],0.038,19302,0.3333,0.02,7512,1.0,1.0,9,7,15552,3686,1.0,1.0,1.0,1.0,0.0,0.0333,0.0333,0.0667,1.0,1.0,1.0,1.0,0.0,0.0,0.0333,0.1667,1.0,1.0,1.0,1.0,0.0333,0.1667,0.3,0.4333,OK
layered_small_seed2,layered,small,2,750,3,both,1,1,4500,0,0.6667,"(l1,l3,tr1)",0.8333,"(l1,l3,tr1,k6)",0.8333,"(l1,l3,tr1,k6)",p2,1,9,0.7,0.7333,0.7667,0.8,0.0667,0.2,0.3,0.4,0.7,0.7333,0.7667,0.8,0.0667,0.2,0.4333,0.5333,0.7,0.7333,0.7667,0.8667,0.0667,0.2333,0.3,0.6,False,100.019,[],4500,4500,0,True,0.068,[],0.038,19302,0.3333,0.02,7521,1.0,1.0,9,7,15552,3686,1.0,1.0,1.0,1.0,0.0,0.0333,0.0333,0.0667,1.0,1.0,1.0,1.0,0.0,0.0,0.0333,0.1667,1.0,1.0,1.0,1.0,0.0333,0.1667,0.3,0.4333,OK
layered_small_seed3,layered,small,3,500,3,off_off,0,0,7420,0,0.6667,"(l2,l3,tr1)",0.8667,"(l3,l6,tr1,k4)",0.8667,"(l3,l6,tr1,k4)",p2,14,8,0.6667,0.7,0.7333,0.8,0.0333,0.1667,0.3333,0.5333,0.6667,0.7333,0.8,0.8667,0.0,0.0667,0.4,0.6,0.6667,0.7333,0.7333,0.8,0.0667,0.1667,0.4,0.5333,False,60.015,[],7420,5744,1676,False,60.012,[],0.032,17016,0.1667,0.026,38,0.9,0.9,20,7,14016,6388,0.1667,0.1667,0.2333,0.2333,0.0333,0.1,0.1667,0.2333,0.1667,0.1667,0.2667,0.2667,0.0333,0.0667,0.2333,0.3667,0.1667,0.1667,0.2333,0.2333,0.0333,0.0667,0.1333,0.2333,OK
layered_small_seed2,layered,small,2,1000,3,off_off,0,0,2601,0,0.6667,"(l1,l4,tr2)",0.8333,"(l4,l6,tr2,k3)",0.8333,"(l4,l6,tr2,k3)",p2,1,9,0.6667,0.7,0.7667,0.8333,0.1,0.2333,0.4333,0.6,0.6667,0.7,0.7667,0.9,0.0667,0.2,0.4,0.6333,0.6667,0.7333,0.8333,0.9,0.1,0.2667,0.4667,0.6667,False,100.024,[],2601,2247,354,True,0.099,[],0.039,20552,0.3333,0.025,26,0.8667,0.8667,5,7,15552,2471,0.3333,0.3667,0.4333,0.5333,0.0667,0.2,0.4,0.6,0.3333,0.3667,0.4333,0.5667,0.0667,0.2,0.4,0.6333,0.4333,0.5,0.5333,0.5667,0.1333,0.2667,0.5,0.6667,OK
layered_small_seed2,layered,small,2,1000,3,hetero,1,0,2601,0,0.6667,"(l1,l4,tr2)",0.9,"(l4,l6,tr2,k4)",0.9,"(l4,l6,tr2,k4)",p2,0,7,0.6667,0.7,0.8,0.9,0.0667,0.2,0.4333,0.6333,0.6667,0.7,0.8,0.9,0.1,0.2,0.4333,0.6333,0.6667,0.7667,0.8,0.9,0.1,0.3,0.4667,0.6333,False,100.024,[],2601,2247,354,True,0.111,[],0.039,20552,0.3333,0.025,5,0.8667,0.8667,5,7,15552,2471,0.3333,0.3667,0.4333,0.5333,0.0667,0.2,0.4,0.6,0.3333,0.3667,0.4333,0.5667,0.0667,0.2,0.4,0.6333,0.4333,0.5,0.5333,0.5667,0.1333,0.2667,0.5,0.6667,OK
layered_small_seed3,layered,small,3,500,3,hetero,1,0,7420,0,0.6667,"(l2,l3,tr1)",0.8667,"(l4,l5,tr1,k2)",0.8667,"(l4,l5,tr1,k2)",p1,5,5,0.6667,0.7333,0.7667,0.8667,0.0667,0.1667,0.4,0.6,0.6667,0.7333,0.8,0.8667,0.0667,0.1667,0.4333,0.5667,0.6667,0.7333,0.7667,0.8667,0.0667,0.1333,0.4333,0.6333,False,60.015,[],7420,5744,1676,False,60.019,[],0.032,17016,0.1667,0.027,20,0.9,0.9,20,7,14016,6388,0.1667,0.1667,0.2333,0.2333,0.0333,0.1,0.1667,0.2333,0.1667,0.1667,0.2667,0.2667,0.0333,0.0667,0.2333,0.3667,0.1667,0.1667,0.2333,0.2333,0.0333,0.0667,0.1333,0.2333,OK
layered_small_seed3,layered,small,3,500,3,conc,0,1,7420,0,0.6667,"(l2,l3,tr1)",0.8667,"(l3,l5,tr1,k2)",0.8667,"(l3,l5,tr1,k2)",p1,15,7,0.6667,0.7333,0.7333,0.8667,0.0,0.1,0.1667,0.5,0.6667,0.7333,0.8,0.8667,0.0667,0.2333,0.3667,0.6,0.6667,0.7333,0.7333,0.8667,0.0333,0.1333,0.3333,0.5667,False,60.015,[],7420,6392,1028,False,60.01,[],0.032,17016,0.1667,0.026,24426,0.9,0.9,20,7,14016,6388,0.1667,0.1667,0.2333,0.2333,0.0333,0.1,0.1667,0.2333,0.1667,0.1667,0.2667,0.2667,0.0333,0.0667,0.2333,0.3667,0.1667,0.1667,0.2333,0.2333,0.0333,0.0667,0.1333,0.2333,OK
layered_small_seed2,layered,small,2,1000,3,conc,0,1,2601,0,0.6667,"(l1,l4,tr2)",0.8667,"(l1,l4,tr2,k5)",0.8667,"(l1,l4,tr2,k5)",p2,10,14,0.6667,0.7,0.7333,0.8333,0.0333,0.1,0.2,0.3667,0.6667,0.7,0.8333,0.8333,0.0333,0.2,0.4,0.4667,0.6667,0.7333,0.8,0.8333,0.0667,0.2,0.4333,0.5333,False,100.024,[],2601,2545,56,False,100.01,[],0.039,20552,0.3333,0.025,14138,0.8667,0.8667,5,7,15552,2471,0.3333,0.3667,0.4333,0.5333,0.0667,0.2,0.4,0.6,0.3333,0.3667,0.4333,0.5667,0.0667,0.2,0.4,0.6333,0.4333,0.5,0.5333,0.5667,0.1333,0.2667,0.5,0.6667,OK
layered_small_seed3,layered,small,3,500,3,both,1,1,7420,0,0.6667,"(l2,l3,tr1)",0.8667,"(l3,l5,tr1,k1)",0.8667,"(l3,l5,tr1,k1)",p1,13,6,0.6667,0.7333,0.7333,0.8667,0.0,0.1,0.2667,0.5333,0.6667,0.7333,0.8,0.8667,0.0667,0.3,0.4667,0.6667,0.6667,0.7333,0.7333,0.8667,0.0333,0.2,0.3333,0.5667,False,60.015,[],7420,6392,1028,False,60.009,[],0.032,17016,0.1667,0.027,24446,0.9,0.9,20,7,14016,6388,0.1667,0.1667,0.2333,0.2333,0.0333,0.1,0.1667,0.2333,0.1667,0.1667,0.2667,0.2667,0.0333,0.0667,0.2333,0.3667,0.1667,0.1667,0.2333,0.2333,0.0333,0.0667,0.1333,0.2333,OK
layered_small_seed2,layered,small,2,1000,3,both,1,1,2601,0,0.6667,"(l1,l4,tr2)",0.8333,"(l2,l5,tr2,k1)",0.8333,"(l2,l5,tr2,k1)",p2,13,13,0.7,0.7333,0.7667,0.8333,0.0667,0.1333,0.3,0.3667,0.6667,0.7333,0.8333,0.8667,0.0333,0.2667,0.5,0.5667,0.7,0.7667,0.8,0.8333,0.0667,0.2333,0.3667,0.5333,False,100.024,[],2601,2601,0,False,100.008,[],0.039,20552,0.3333,0.027,14143,0.8667,0.8667,5,7,15552,2471,0.3333,0.3667,0.4333,0.5333,0.0667,0.2,0.4,0.6,0.3333,0.3667,0.4333,0.5667,0.0667,0.2,0.4,0.6333,0.4333,0.5,0.5333,0.5667,0.1333,0.2667,0.5,0.6667,OK
layered_small_seed3,layered,small,3,750,3,off_off,0,0,7352,0,0.6667,"(l2,l3,tr1)",0.8667,"(l3,l6,tr1,k1)",0.8667,"(l3,l6,tr1,k1)",p2,18,12,0.6667,0.7,0.7333,0.8,0.0333,0.1,0.4,0.4667,0.6667,0.6667,0.8,0.8,0.0333,0.1667,0.4333,0.5667,0.6667,0.6667,0.7333,0.8,0.0667,0.2,0.4,0.5,False,60.016,[],7352,5696,1656,False,60.011,[],0.032,18516,0.1667,0.026,36,0.8667,0.8667,18,12,14016,5696,0.1667,0.1667,0.3,0.3,0.0333,0.1,0.3,0.3333,0.1667,0.1667,0.3,0.3,0.0333,0.0667,0.3333,0.4667,0.1667,0.1667,0.3,0.3,0.0667,0.1333,0.2667,0.3333,OK
layered_small_seed3,layered,small,3,750,3,hetero,1,0,7352,0,0.6667,"(l2,l3,tr1)",0.8667,"(l3,l6,tr1,k3)",0.8667,"(l3,l6,tr1,k3)",p2,5,10,0.6667,0.7,0.7333,0.8667,0.0667,0.1667,0.4,0.5667,0.6667,0.7333,0.7333,0.8667,0.0667,0.1667,0.3667,0.6,0.6667,0.7,0.8,0.8667,0.0333,0.1333,0.4,0.6,False,60.016,[],7352,5696,1656,False,60.01,[],0.032,18516,0.1667,0.026,18,0.8667,0.8667,18,12,14016,5696,0.1667,0.1667,0.3,0.3,0.0333,0.1,0.3,0.3333,0.1667,0.1667,0.3,0.3,0.0333,0.0667,0.3333,0.4667,0.1667,0.1667,0.3,0.3,0.0667,0.1333,0.2667,0.3333,OK
layered_small_seed3,layered,small,3,0,3,off_off,0,0,5756,6,0.1667,"(l4,l5,tr2)",0.8667,"(l1,l4,tr1,k1)",0.8667,"(l1,l4,tr1,k1)",p1,29,2,0.3667,0.4,0.5,0.7,0.0,0.0667,0.3,0.6,0.2667,0.2667,0.5,0.7,0.0667,0.1667,0.3333,0.6333,0.3667,0.4667,0.5667,0.7667,0.1,0.1667,0.3667,0.7,True,28.152,[],5756,4564,1192,False,100.036,[],0.031,14016,0.1667,0.03,37,0.9,0.9,29,2,14016,4564,0.3667,0.4,0.5,0.6333,0.0,0.0667,0.3,0.6,0.3667,0.4667,0.5667,0.6667,0.0667,0.1667,0.3333,0.6333,0.3667,0.4333,0.5333,0.6333,0.1,0.1667,0.3667,0.7,OK
layered_small_seed3,layered,small,3,750,3,conc,0,1,7352,0,0.6667,"(l2,l3,tr1)",0.8667,"(l4,l5,tr1,k1)",0.8667,"(l4,l5,tr1,k1)",p1,11,9,0.6667,0.7333,0.7333,0.8667,0.0333,0.2,0.3667,0.6333,0.6667,0.7667,0.8,0.8667,0.0333,0.1667,0.4,0.6333,0.6667,0.7333,0.7333,0.8667,0.0667,0.2,0.4333,0.6667,False,60.016,[],7352,6816,536,False,60.008,[],0.032,18516,0.1667,0.031,25965,0.8667,0.8667,18,12,14016,5696,0.1667,0.1667,0.3,0.3,0.0333,0.1,0.3,0.3333,0.1667,0.1667,0.3,0.3,0.0333,0.0667,0.3333,0.4667,0.1667,0.1667,0.3,0.3,0.0667,0.1333,0.2667,0.3333,OK
layered_small_seed3,layered,small,3,0,3,hetero,1,0,5756,6,0.1667,"(l4,l5,tr2)",0.8667,"(l1,l4,tr1,k4)",0.8667,"(l1,l4,tr1,k4)",p1,4,0,0.3,0.4667,0.6667,0.8,0.1,0.2333,0.5,0.7,0.3,0.4333,0.6333,0.7667,0.1,0.3,0.5333,0.7333,0.3,0.4667,0.6667,0.8,0.1333,0.3,0.5667,0.7333,True,28.152,[],5756,4564,1192,False,100.011,[],0.031,14016,0.1667,0.026,29,0.9,0.9,29,2,14016,4564,0.3667,0.4,0.5,0.6333,0.0,0.0667,0.3,0.6,0.3667,0.4667,0.5667,0.6667,0.0667,0.1667,0.3333,0.6333,0.3667,0.4333,0.5333,0.6333,0.1,0.1667,0.3667,0.7,OK
layered_small_seed3,layered,small,3,750,3,both,1,1,7352,0,0.6667,"(l2,l3,tr1)",0.8667,"(l4,l5,tr1,k2)",0.8667,"(l4,l5,tr1,k2)",p1,14,9,0.6667,0.7333,0.7333,0.8667,0.0333,0.2,0.3667,0.5333,0.6667,0.7333,0.7333,0.8667,0.0333,0.2333,0.3667,0.6,0.6667,0.7667,0.8,0.8667,0.0667,0.2667,0.3333,0.6333,False,60.016,[],7352,6996,356,False,60.019,[],0.032,18516,0.1667,0.03,25983,0.8667,0.8667,18,12,14016,5696,0.1667,0.1667,0.3,0.3,0.0333,0.1,0.3,0.3333,0.1667,0.1667,0.3,0.3,0.0333,0.0667,0.3333,0.4667,0.1667,0.1667,0.3,0.3,0.0667,0.1333,0.2667,0.3333,OK
layered_small_seed3,layered,small,3,0,3,conc,0,1,5756,6,0.1667,"(l4,l5,tr2)",0.8667,"(l1,l4,tr1,k1)",0.8667,"(l1,l4,tr1,k1)",p1,31,2,0.2667,0.3667,0.5667,0.7667,0.0,0.1667,0.3667,0.6333,0.3,0.4667,0.6,0.7333,0.0,0.2333,0.4333,0.6333,0.4,0.4667,0.6667,0.7667,0.1,0.3,0.5,0.7333,True,28.152,[],5756,5448,308,False,100.012,[],0.031,14016,0.1667,0.031,29817,0.9,0.9,29,2,14016,4564,0.3667,0.4,0.5,0.6333,0.0,0.0667,0.3,0.6,0.3667,0.4667,0.5667,0.6667,0.0667,0.1667,0.3333,0.6333,0.3667,0.4333,0.5333,0.6333,0.1,0.1667,0.3667,0.7,OK
layered_small_seed3,layered,small,3,1000,3,off_off,0,0,7284,0,0.6667,"(l1,l4,tr1)",0.8667,"(l4,l5,tr1,k1)",0.8667,"(l4,l5,tr1,k1)",p1,14,7,0.6667,0.6667,0.7333,0.8,0.0,0.0667,0.3333,0.5667,0.6667,0.6667,0.8,0.8667,0.0,0.0,0.3333,0.5333,0.6667,0.7,0.7333,0.8,0.0,0.1667,0.4,0.5667,False,60.028,[],7284,5424,1860,False,60.011,[],0.032,20016,0.1667,0.03,37,0.8667,0.8667,18,7,14016,6000,0.1667,0.2,0.2,0.3,0.0,0.1,0.1333,0.3333,0.1667,0.2,0.2,0.3333,0.0,0.0667,0.1667,0.3333,0.1667,0.2667,0.2667,0.4,0.0,0.1,0.2333,0.5333,OK
layered_small_seed3,layered,small,3,1000,3,hetero,1,0,7284,0,0.6667,"(l1,l4,tr1)",0.8667,"(l3,l5,tr1,k1)",0.8667,"(l3,l5,tr1,k1)",p1,1,5,0.6667,0.7,0.7333,0.8667,0.0667,0.1333,0.3333,0.5667,0.6667,0.7333,0.7333,0.8667,0.0667,0.1667,0.4,0.6333,0.6667,0.7333,0.7333,0.8667,0.0667,0.1333,0.4,0.6,False,60.028,[],7284,5424,1860,False,60.012,[],0.032,20016,0.1667,0.014,18,0.8667,0.8667,18,7,14016,6000,0.1667,0.2,0.2,0.3,0.0,0.1,0.1333,0.3333,0.1667,0.2,0.2,0.3333,0.0,0.0667,0.1667,0.3333,0.1667,0.2667,0.2667,0.4,0.0,0.1,0.2333,0.5333,OK
layered_small_seed3,layered,small,3,0,3,both,1,1,5756,6,0.1667,"(l4,l5,tr2)",0.8667,"(l1,l4,tr1,k4)",0.8667,"(l1,l4,tr1,k4)",p1,27,2,0.2333,0.4667,0.6,0.7667,0.0,0.1,0.4,0.6,0.2333,0.3667,0.5,0.8,0.0667,0.2333,0.4,0.7333,0.3667,0.5667,0.6667,0.8333,0.1,0.3,0.5,0.7,True,28.152,[],5756,5584,172,False,100.019,[],0.031,14016,0.1667,0.03,29846,0.9,0.9,29,2,14016,4564,0.3667,0.4,0.5,0.6333,0.0,0.0667,0.3,0.6,0.3667,0.4667,0.5667,0.6667,0.0667,0.1667,0.3333,0.6333,0.3667,0.4333,0.5333,0.6333,0.1,0.1667,0.3667,0.7,OK
layered_small_seed3,layered,small,3,1000,3,conc,0,1,7284,0,0.6667,"(l1,l4,tr1)",0.8667,"(l4,l5,tr1,k2)",0.8667,"(l4,l5,tr1,k2)",p1,17,8,0.6667,0.7333,0.8,0.8333,0.0,0.1,0.3667,0.6333,0.6667,0.7,0.8,0.8,0.0667,0.1,0.3,0.5333,0.6667,0.6667,0.7667,0.8667,0.0333,0.1667,0.4667,0.6667,False,60.028,[],7284,6336,948,False,60.017,[],0.032,20016,0.1667,0.026,24813,0.8667,0.8667,18,7,14016,6000,0.1667,0.2,0.2,0.3,0.0,0.1,0.1333,0.3333,0.1667,0.2,0.2,0.3333,0.0,0.0667,0.1667,0.3333,0.1667,0.2667,0.2667,0.4,0.0,0.1,0.2333,0.5333,OK
layered_small_seed3,layered,small,3,1000,3,both,1,1,7284,0,0.6667,"(l1,l4,tr1)",0.8667,"(l3,l6,tr1,k1)",0.8667,"(l3,l6,tr1,k1)",p2,13,7,0.6667,0.6667,0.7333,0.8,0.0333,0.1667,0.3333,0.5,0.6667,0.6667,0.8,0.8,0.0333,0.2667,0.4,0.6,0.6667,0.6667,0.8,0.8,0.0667,0.3,0.4333,0.5667,False,60.028,[],7284,6588,696,False,60.013,[],0.032,20016,0.1667,0.014,24831,0.8667,0.8667,18,7,14016,6000,0.1667,0.2,0.2,0.3,0.0,0.1,0.1333,0.3333,0.1667,0.2,0.2,0.3333,0.0,0.0667,0.1667,0.3333,0.1667,0.2667,0.2667,0.4,0.0,0.1,0.2333,0.5333,OK
layered_small_seed4,layered,small,4,0,3,off_off,0,0,3784,2,0.5667,"(l1,l6,tr2)",0.8333,"(l1,l6,tr2,k2)",0.8333,"(l1,l6,tr2,k2)",p2,16,7,0.6,0.6,0.6,0.6667,0.0,0.0333,0.0333,0.2,0.5667,0.5667,0.7667,0.8667,0.0,0.1,0.3,0.4667,0.6333,0.6667,0.6667,0.6667,0.0667,0.0667,0.0667,0.3333,False,60.021,[],3784,2984,800,True,0.713,[],0.036,14504,0.5333,0.025,26,0.8333,0.8333,16,7,14504,2984,0.5333,0.5333,0.5333,0.6,0.0,0.0333,0.0333,0.2,0.6,0.6667,0.6667,0.7333,0.0,0.1,0.3,0.4667,0.6,0.6,0.6,0.6,0.0667,0.0667,0.0667,0.3333,OK
layered_small_seed4,layered,small,4,0,3,hetero,1,0,3784,2,0.5667,"(l1,l6,tr2)",0.9,"(l1,l6,tr1,k1)",0.9,"(l1,l6,tr1,k1)",p2,2,6,0.6333,0.6667,0.7667,0.8667,0.0333,0.2,0.3,0.5667,0.6333,0.7,0.8,0.8667,0.0667,0.2667,0.3667,0.5667,0.6333,0.6667,0.7667,0.8667,0.0333,0.2333,0.3333,0.6,False,60.021,[],3784,2984,800,True,3.961,[],0.036,14504,0.5333,0.024,16,0.8333,0.8333,16,7,14504,2984,0.5333,0.5333,0.5333,0.6,0.0,0.0333,0.0333,0.2,0.6,0.6667,0.6667,0.7333,0.0,0.1,0.3,0.4667,0.6,0.6,0.6,0.6,0.0667,0.0667,0.0667,0.3333,OK
layered_small_seed3,layered,small,3,300,3,off_off,0,0,6980,1,0.1667,"(l4,l5,tr2)",0.8667,"(l3,l6,tr1,k1)",0.8667,"(l3,l6,tr1,k1)",p2,12,11,0.2333,0.4,0.6,0.8,0.0333,0.1667,0.4,0.5333,0.3,0.4667,0.7333,0.8,0.0333,0.2,0.3333,0.5667,0.3,0.4,0.6,0.8,0.0667,0.1667,0.4,0.5333,False,100.015,[],6680,5248,1432,False,100.022,[],0.032,15816,0.1667,0.031,41,0.9,0.9,23,11,14016,5752,0.3,0.3667,0.3667,0.3667,0.0667,0.1,0.2333,0.3667,0.3667,0.3667,0.3667,0.3667,0.0,0.1667,0.3333,0.5,0.3,0.3667,0.3667,0.3667,0.0,0.1,0.1667,0.4,OK
layered_small_seed4,layered,small,4,0,3,conc,0,1,3784,2,0.5667,"(l1,l6,tr2)",0.9,"(l4,l5,tr2,k7)",0.9,"(l4,l5,tr2,k7)",p2,8,7,0.6,0.6667,0.7333,0.8,0.0333,0.1667,0.3333,0.4,0.6,0.7,0.7667,0.8333,0.0333,0.2,0.3667,0.5333,0.6,0.6667,0.7333,0.8,0.0333,0.2,0.3,0.5,False,60.021,[],3784,3704,80,False,60.013,[],0.036,14504,0.5333,0.012,20303,0.8333,0.8333,16,7,14504,2984,0.5333,0.5333,0.5333,0.6,0.0,0.0333,0.0333,0.2,0.6,0.6667,0.6667,0.7333,0.0,0.1,0.3,0.4667,0.6,0.6,0.6,0.6,0.0667,0.0667,0.0667,0.3333,OK
layered_small_seed4,layered,small,4,0,3,both,1,1,3784,2,0.5667,"(l1,l6,tr2)",0.8333,"(l4,l5,tr2,k6)",0.8333,"(l4,l5,tr2,k6)",p2,7,6,0.6,0.6667,0.7333,0.8,0.0333,0.2,0.3333,0.4667,0.6,0.6667,0.8,0.8,0.0333,0.2,0.4,0.5333,0.6,0.7,0.8,0.9,0.0333,0.2333,0.4,0.6667,False,60.021,[],3784,3784,0,False,60.007,[],0.036,14504,0.5333,0.025,20319,0.8333,0.8333,16,7,14504,2984,0.5333,0.5333,0.5333,0.6,0.0,0.0333,0.0333,0.2,0.6,0.6667,0.6667,0.7333,0.0,0.1,0.3,0.4667,0.6,0.6,0.6,0.6,0.0667,0.0667,0.0667,0.3333,OK
layered_small_seed3,layered,small,3,300,3,hetero,1,0,6980,1,0.1667,"(l4,l5,tr2)",0.8667,"(l1,l4,tr1,k3)",0.8667,"(l1,l4,tr1,k3)",p1,3,10,0.2333,0.4,0.6667,0.8,0.0667,0.2,0.3667,0.5667,0.2667,0.4,0.6333,0.7333,0.0667,0.2,0.4667,0.5667,0.3333,0.5,0.7,0.8333,0.0667,0.2,0.4333,0.6,False,100.015,[],6680,5248,1432,False,100.022,[],0.032,15816,0.1667,0.027,23,0.9,0.9,23,11,14016,5752,0.3,0.3667,0.3667,0.3667,0.0667,0.1,0.2333,0.3667,0.3667,0.3667,0.3667,0.3667,0.0,0.1667,0.3333,0.5,0.3,0.3667,0.3667,0.3667,0.0,0.1,0.1667,0.4,OK
layered_small_seed4,layered,small,4,300,3,off_off,0,0,3816,0,0.6667,"(l1,l6,tr2)",0.8,"(l1,l6,tr1,k1)",0.8,"(l1,l6,tr1,k1)",p2,19,11,0.6667,0.6667,0.7333,0.8,0.0,0.0,0.1333,0.3,0.6667,0.7333,0.8,0.9,0.0333,0.2,0.3333,0.6333,0.6667,0.6667,0.7667,0.8,0.0,0.0,0.2333,0.4333,False,60.122,[],3816,2936,880,True,3.641,[],0.032,15404,0.5333,0.063,27,0.8333,0.8333,22,12,14504,3016,0.5333,0.5333,0.5333,0.5333,0.0,0.0,0.0667,0.1333,0.5333,0.6,0.7,0.7,0.0,0.1333,0.2667,0.5333,0.5333,0.5333,0.5333,0.6,0.0,0.0,0.0667,0.3667,OK
layered_small_seed4,layered,small,4,300,3,hetero,1,0,3816,0,0.6667,"(l1,l6,tr2)",0.8333,"(l1,l6,tr1,k1)",0.8333,"(l1,l6,tr1,k1)",p2,2,9,0.7,0.7667,0.8333,0.8333,0.0333,0.1333,0.3333,0.4667,0.7333,0.8,0.8,0.9,0.0333,0.2333,0.4333,0.6667,0.7,0.7667,0.8333,0.8333,0.0333,0.1667,0.3667,0.4667,False,60.122,[],3816,3016,800,True,10.034,[],0.032,15404,0.5333,0.026,22,0.8333,0.8333,22,12,14504,3016,0.5333,0.5333,0.5333,0.5333,0.0,0.0,0.0667,0.1333,0.5333,0.6,0.7,0.7,0.0,0.1333,0.2667,0.5333,0.5333,0.5333,0.5333,0.6,0.0,0.0,0.0667,0.3667,OK
layered_small_seed3,layered,small,3,300,3,conc,0,1,6980,1,0.1667,"(l4,l5,tr2)",0.8667,"(l1,l4,tr1,k1)",0.8667,"(l1,l4,tr1,k1)",p1,18,10,0.2333,0.3,0.6,0.8333,0.0333,0.2333,0.3,0.5667,0.2333,0.4,0.6333,0.8667,0.0333,0.2333,0.3667,0.6667,0.2,0.4333,0.7333,0.8667,0.0667,0.3,0.4,0.6,False,100.015,[],6680,6440,240,False,100.038,[],0.032,15816,0.1667,0.031,27891,0.9,0.9,23,11,14016,5752,0.3,0.3667,0.3667,0.3667,0.0667,0.1,0.2333,0.3667,0.3667,0.3667,0.3667,0.3667,0.0,0.1667,0.3333,0.5,0.3,0.3667,0.3667,0.3667,0.0,0.1,0.1667,0.4,OK
layered_small_seed4,layered,small,4,300,3,conc,0,1,3816,0,0.6667,"(l1,l6,tr2)",0.8333,"(l2,l3,tr2,k6)",0.8333,"(l2,l3,tr2,k6)",p2,11,13,0.7,0.7333,0.8,0.8,0.0667,0.1333,0.3333,0.3333,0.7,0.7,0.7667,0.8,0.0333,0.0333,0.3,0.3667,0.7,0.7,0.7667,0.8,0.0667,0.1333,0.3667,0.5333,False,60.122,[],3816,3456,360,False,60.009,[],0.032,15404,0.5333,0.025,21251,0.8333,0.8333,22,12,14504,3016,0.5333,0.5333,0.5333,0.5333,0.0,0.0,0.0667,0.1333,0.5333,0.6,0.7,0.7,0.0,0.1333,0.2667,0.5333,0.5333,0.5333,0.5333,0.6,0.0,0.0,0.0667,0.3667,OK
layered_small_seed4,layered,small,4,300,3,both,1,1,3816,0,0.6667,"(l1,l6,tr2)",0.8333,"(l1,l6,tr2,k2)",0.8333,"(l1,l6,tr2,k2)",p2,18,16,0.6667,0.6667,0.6667,0.8333,0.0333,0.0667,0.2,0.4,0.7,0.7333,0.8,0.8,0.0333,0.2333,0.4333,0.4333,0.6667,0.7,0.8333,0.8333,0.0,0.2,0.4333,0.5,False,60.122,[],3816,3656,160,False,60.013,[],0.032,15404,0.5333,0.025,21273,0.8333,0.8333,22,12,14504,3016,0.5333,0.5333,0.5333,0.5333,0.0,0.0,0.0667,0.1333,0.5333,0.6,0.7,0.7,0.0,0.1333,0.2667,0.5333,0.5333,0.5333,0.5333,0.6,0.0,0.0,0.0667,0.3667,OK
layered_small_seed3,layered,small,3,300,3,both,1,1,6980,1,0.1667,"(l4,l5,tr2)",0.8667,"(l3,l6,tr1,k1)",0.8667,"(l3,l6,tr1,k1)",p2,23,10,0.2667,0.3667,0.5667,0.7667,0.0333,0.1667,0.2667,0.5333,0.3333,0.4667,0.7,0.8667,0.0333,0.2667,0.3333,0.5667,0.3,0.4667,0.7,0.8333,0.1,0.3,0.4,0.6,False,100.015,[],6680,6576,104,False,100.011,[],0.032,15816,0.1667,0.03,27914,0.9,0.9,23,11,14016,5752,0.3,0.3667,0.3667,0.3667,0.0667,0.1,0.2333,0.3667,0.3667,0.3667,0.3667,0.3667,0.0,0.1667,0.3333,0.5,0.3,0.3667,0.3667,0.3667,0.0,0.1,0.1667,0.4,OK
layered_small_seed4,layered,small,4,500,3,off_off,0,0,3816,0,0.6667,"(l2,l3,tr2)",0.8333,"(l4,l5,tr2,k5)",0.8333,"(l4,l5,tr2,k5)",p2,18,10,0.7,0.7,0.7333,0.8333,0.0667,0.1333,0.2667,0.3667,0.6667,0.7,0.7333,0.8667,0.0,0.1,0.2333,0.5667,0.7,0.7333,0.7667,0.8333,0.0333,0.1667,0.3667,0.6,False,60.018,[],3816,3016,800,True,3.573,[],0.036,16004,0.5333,0.03,28,0.9,0.9,18,10,14504,3016,0.6,0.6,0.6,0.6,0.0667,0.1333,0.2667,0.3667,0.5333,0.6,0.6,0.6,0.0,0.1,0.2333,0.5667,0.6,0.6,0.6,0.6,0.0333,0.1667,0.3667,0.6,OK
layered_small_seed4,layered,small,4,500,3,hetero,1,0,3816,0,0.6667,"(l2,l3,tr2)",0.8333,"(l1,l6,tr1,k1)",0.8333,"(l1,l6,tr1,k1)",p2,2,4,0.7,0.7667,0.8,0.8333,0.0667,0.1333,0.3,0.5,0.7,0.7667,0.8333,0.9,0.1,0.2333,0.5,0.6333,0.7,0.7667,0.8333,0.8333,0.1,0.2333,0.4333,0.5333,False,60.018,[],3816,3016,800,True,36.709,[],0.036,16004,0.5333,0.03,18,0.9,0.9,18,10,14504,3016,0.6,0.6,0.6,0.6,0.0667,0.1333,0.2667,0.3667,0.5333,0.6,0.6,0.6,0.0,0.1,0.2333,0.5667,0.6,0.6,0.6,0.6,0.0333,0.1667,0.3667,0.6,OK
layered_small_seed4,layered,small,4,500,3,conc,0,1,3816,0,0.6667,"(l2,l3,tr2)",0.8667,"(l1,l6,tr1,k2)",0.8667,"(l1,l6,tr1,k2)",p2,10,6,0.7,0.7333,0.8,0.8,0.0333,0.1,0.3,0.3,0.7,0.7,0.7667,0.8,0.0667,0.1667,0.3667,0.5333,0.7,0.7333,0.8333,0.8667,0.0667,0.1,0.3667,0.4333,False,60.018,[],3816,3656,160,False,60.007,[],0.036,16004,0.5333,0.015,21962,0.9,0.9,18,10,14504,3016,0.6,0.6,0.6,0.6,0.0667,0.1333,0.2667,0.3667,0.5333,0.6,0.6,0.6,0.0,0.1,0.2333,0.5667,0.6,0.6,0.6,0.6,0.0333,0.1667,0.3667,0.6,OK
layered_small_seed3,layered,small,3,500,3,off_off,0,0,7292,1,0.5667,"(l2,l4,tr2)",0.8667,"(l3,l6,tr1,k2)",0.8667,"(l3,l6,tr1,k2)",p2,17,12,0.6333,0.6333,0.7,0.8,0.0,0.0,0.3333,0.5333,0.6333,0.7,0.7333,0.8,0.0,0.1,0.3667,0.4667,0.5667,0.6667,0.7667,0.8667,0.0,0.1,0.4667,0.6333,False,100.014,[],6792,5000,1792,False,100.012,[],0.035,17016,0.1667,0.026,36,0.8667,0.8667,20,12,14016,5136,0.1667,0.1667,0.2667,0.2667,0.0,0.0,0.2,0.3667,0.1667,0.1667,0.3,0.3,0.0,0.1,0.2667,0.4,0.1667,0.1667,0.2667,0.2667,0.0,0.1,0.3333,0.4667,OK
layered_small_seed4,layered,small,4,500,3,both,1,1,3816,0,0.6667,"(l2,l3,tr2)",0.8,"(l1,l6,tr1,k2)",0.8,"(l1,l6,tr1,k2)",p2,13,8,0.7,0.7333,0.7333,0.7667,0.0667,0.1,0.1333,0.2667,0.7,0.7333,0.7333,0.8,0.1,0.2667,0.3,0.6,0.7,0.7333,0.8,0.8667,0.0,0.1,0.4667,0.6667,False,60.018,[],3816,3456,360,False,60.008,[],0.036,16004,0.5333,0.03,21980,0.9,0.9,18,10,14504,3016,0.6,0.6,0.6,0.6,0.0667,0.1333,0.2667,0.3667,0.5333,0.6,0.6,0.6,0.0,0.1,0.2333,0.5667,0.6,0.6,0.6,0.6,0.0333,0.1667,0.3667,0.6,OK
layered_small_seed4,layered,small,4,750,3,off_off,0,0,3816,0,0.6667,"(l1,l6,tr2)",0.8333,"(l4,l5,tr2,k4)",0.8333,"(l4,l5,tr2,k4)",p2,13,9,0.7,0.7,0.7667,0.8333,0.0333,0.0667,0.1667,0.4,0.7,0.7333,0.8333,0.9,0.0333,0.2667,0.4,0.5667,0.7,0.7333,0.8333,0.8667,0.1,0.1667,0.4667,0.6333,False,60.011,[],3816,3016,800,True,3.037,[],0.036,16754,0.5333,0.03,28,0.8667,0.8667,13,9,14504,3016,0.5667,0.6,0.6,0.6,0.0333,0.0667,0.1667,0.4,0.5667,0.6,0.6,0.6,0.0333,0.2667,0.4,0.5667,0.6,0.6,0.6,0.6,0.1,0.1667,0.4667,0.6333,OK
layered_small_seed4,layered,small,4,750,3,hetero,1,0,3816,0,0.6667,"(l1,l6,tr2)",0.9,"(l1,l6,tr2,k3)",0.9,"(l1,l6,tr2,k3)",p2,0,5,0.7,0.7333,0.8,0.9,0.0667,0.2,0.4,0.6333,0.7333,0.7667,0.8667,0.9,0.1,0.3,0.4667,0.6333,0.7,0.7667,0.8667,0.9,0.0667,0.2333,0.4333,0.6,False,60.011,[],3816,3016,800,True,4.37,[],0.036,16754,0.5333,0.03,13,0.8667,0.8667,13,9,14504,3016,0.5667,0.6,0.6,0.6,0.0333,0.0667,0.1667,0.4,0.5667,0.6,0.6,0.6,0.0333,0.2667,0.4,0.5667,0.6,0.6,0.6,0.6,0.1,0.1667,0.4667,0.6333,OK
layered_small_seed3,layered,small,3,500,3,hetero,1,0,7292,1,0.5667,"(l2,l4,tr2)",0.8667,"(l1,l4,tr1,k3)",0.8667,"(l1,l4,tr1,k3)",p1,1,8,0.6,0.6667,0.7667,0.8667,0.0667,0.1667,0.4,0.6,0.6,0.6667,0.7667,0.8667,0.0667,0.1667,0.4667,0.6,0.6333,0.7,0.8,0.8667,0.0667,0.1667,0.4333,0.6,False,100.014,[],6792,5000,1792,False,100.009,[],0.035,17016,0.1667,0.026,20,0.8667,0.8667,20,12,14016,5136,0.1667,0.1667,0.2667,0.2667,0.0,0.0,0.2,0.3667,0.1667,0.1667,0.3,0.3,0.0,0.1,0.2667,0.4,0.1667,0.1667,0.2667,0.2667,0.0,0.1,0.3333,0.4667,OK
layered_small_seed4,layered,small,4,750,3,conc,0,1,3816,0,0.6667,"(l1,l6,tr2)",0.8333,"(l1,l4,tr2,k4)",0.8333,"(l1,l4,tr2,k4)",p2,12,12,0.6667,0.7,0.7333,0.8,0.0667,0.1667,0.3,0.5,0.7,0.7,0.7667,0.8,0.0667,0.1333,0.3667,0.4667,0.6667,0.7,0.8,0.8,0.0333,0.0667,0.4667,0.5333,False,60.011,[],3816,3736,80,False,60.012,[],0.036,16754,0.5333,0.014,23463,0.8667,0.8667,13,9,14504,3016,0.5667,0.6,0.6,0.6,0.0333,0.0667,0.1667,0.4,0.5667,0.6,0.6,0.6,0.0333,0.2667,0.4,0.5667,0.6,0.6,0.6,0.6,0.1,0.1667,0.4667,0.6333,OK
layered_small_seed4,layered,small,4,750,3,both,1,1,3816,0,0.6667,"(l1,l6,tr2)",0.8333,"(l1,l4,tr2,k6)",0.8333,"(l1,l4,tr2,k6)",p2,11,13,0.7,0.7333,0.7333,0.8,0.0667,0.1,0.2,0.4333,0.7,0.7,0.8,0.8333,0.0667,0.1667,0.4,0.5333,0.7,0.7333,0.8,0.8,0.0333,0.1667,0.3667,0.5667,False,60.011,[],3816,3496,320,False,60.015,[],0.036,16754,0.5333,0.026,23476,0.8667,0.8667,13,9,14504,3016,0.5667,0.6,0.6,0.6,0.0333,0.0667,0.1667,0.4,0.5667,0.6,0.6,0.6,0.0333,0.2667,0.4,0.5667,0.6,0.6,0.6,0.6,0.1,0.1667,0.4667,0.6333,OK
layered_small_seed3,layered,small,3,500,3,conc,0,1,7292,1,0.5667,"(l2,l4,tr2)",0.8667,"(l4,l5,tr1,k3)",0.8667,"(l4,l5,tr1,k3)",p1,16,10,0.6,0.6667,0.6667,0.8667,0.0,0.1333,0.2667,0.5667,0.6,0.7,0.7667,0.8667,0.0,0.2333,0.4,0.5667,0.5667,0.7,0.7333,0.8667,0.0333,0.2667,0.4333,0.6,False,100.014,[],6792,6688,104,False,100.01,[],0.035,17016,0.1667,0.026,26163,0.8667,0.8667,20,12,14016,5136,0.1667,0.1667,0.2667,0.2667,0.0,0.0,0.2,0.3667,0.1667,0.1667,0.3,0.3,0.0,0.1,0.2667,0.4,0.1667,0.1667,0.2667,0.2667,0.0,0.1,0.3333,0.4667,OK
layered_small_seed4,layered,small,4,1000,3,off_off,0,0,3816,0,0.6667,"(l1,l6,tr2)",0.8,"(l1,l6,tr1,k1)",0.8,"(l1,l6,tr1,k1)",p2,22,14,0.6667,0.6667,0.6667,0.8,0.0,0.0,0.0667,0.3,0.6667,0.7,0.8,0.9,0.0,0.1,0.4333,0.5333,0.6667,0.7,0.7667,0.8,0.0,0.1667,0.2333,0.4667,False,60.011,[],3816,2936,880,True,3.927,[],0.033,17504,0.5333,0.025,26,0.8333,0.8333,22,14,14504,2936,0.5333,0.5333,0.5333,0.6,0.0,0.0,0.0667,0.3,0.5333,0.6,0.7,0.7,0.0,0.1,0.4333,0.5333,0.5333,0.6,0.6,0.6,0.0,0.1667,0.2333,0.4667,OK
layered_small_seed4,layered,small,4,1000,3,hetero,1,0,3816,0,0.6667,"(l1,l6,tr2)",0.8333,"(l1,l6,tr1,k1)",0.8333,"(l1,l6,tr1,k1)",p2,0,10,0.7,0.7667,0.8333,0.8333,0.0333,0.1667,0.3667,0.5667,0.7,0.8,0.8667,0.9,0.0333,0.2333,0.4667,0.6667,0.7333,0.8,0.8333,0.8333,0.0667,0.2333,0.4333,0.6,False,60.011,[],3816,3016,800,True,1.867,[],0.033,17504,0.5333,0.026,22,0.8333,0.8333,22,14,14504,2936,0.5333,0.5333,0.5333,0.6,0.0,0.0,0.0667,0.3,0.5333,0.6,0.7,0.7,0.0,0.1,0.4333,0.5333,0.5333,0.6,0.6,0.6,0.0,0.1667,0.2333,0.4667,OK
layered_small_seed3,layered,small,3,500,3,both,1,1,7292,1,0.5667,"(l2,l4,tr2)",0.8667,"(l2,l3,tr1,k2)",0.8667,"(l2,l3,tr1,k2)",p2,13,10,0.6,0.6667,0.6667,0.8667,0.0,0.2,0.3,0.6,0.6667,0.7667,0.8,0.8667,0.0,0.2333,0.3333,0.6667,0.6,0.6667,0.6667,0.8667,0.0667,0.2333,0.3667,0.7,False,100.014,[],6792,6552,240,False,100.007,[],0.035,17016,0.1667,0.014,26183,0.8667,0.8667,20,12,14016,5136,0.1667,0.1667,0.2667,0.2667,0.0,0.0,0.2,0.3667,0.1667,0.1667,0.3,0.3,0.0,0.1,0.2667,0.4,0.1667,0.1667,0.2667,0.2667,0.0,0.1,0.3333,0.4667,OK
layered_small_seed4,layered,small,4,1000,3,conc,0,1,3816,0,0.6667,"(l1,l6,tr2)",0.8333,"(l2,l3,tr2,k4)",0.8333,"(l2,l3,tr2,k4)",p2,7,15,0.7,0.7333,0.8,0.8,0.0333,0.1,0.3,0.4,0.7,0.7333,0.8,0.8667,0.0333,0.1333,0.4,0.5667,0.7,0.7333,0.8,0.8667,0.0333,0.1333,0.4,0.6333,False,60.011,[],3816,3576,240,False,60.01,[],0.033,17504,0.5333,0.025,21251,0.8333,0.8333,22,14,14504,2936,0.5333,0.5333,0.5333,0.6,0.0,0.0,0.0667,0.3,0.5333,0.6,0.7,0.7,0.0,0.1,0.4333,0.5333,0.5333,0.6,0.6,0.6,0.0,0.1667,0.2333,0.4667,OK
layered_small_seed4,layered,small,4,1000,3,both,1,1,3816,0,0.6667,"(l1,l6,tr2)",0.8333,"(l2,l3,tr2,k5)",0.8333,"(l2,l3,tr2,k5)",p2,10,15,0.6667,0.7,0.8,0.8,0.0333,0.1,0.3,0.3333,0.7,0.7,0.8333,0.8333,0.0333,0.1333,0.4667,0.5333,0.6667,0.7,0.7667,0.8,0.0333,0.1,0.3667,0.5333,False,60.011,[],3816,3576,240,False,60.011,[],0.033,17504,0.5333,0.023,21273,0.8333,0.8333,22,14,14504,2936,0.5333,0.5333,0.5333,0.6,0.0,0.0,0.0667,0.3,0.5333,0.6,0.7,0.7,0.0,0.1,0.4333,0.5333,0.5333,0.6,0.6,0.6,0.0,0.1667,0.2333,0.4667,OK
layered_small_seed5,layered,small,5,0,3,off_off,0,0,4410,3,0.2667,"(l2,l4,tr2)",0.7,"(l4,l5,tr1,k5)",0.7,"(l4,l5,tr1,k5)",p2,7,7,0.2667,0.3667,0.4667,0.7,0.0,0.1,0.2,0.4667,0.2667,0.3667,0.4667,0.7,0.0,0.1,0.2333,0.4667,0.2667,0.5333,0.6667,0.8,0.0,0.2,0.3667,0.6667,False,60.013,[],4410,3255,1155,True,0.103,[],0.042,23765,0.2333,0.02,17,0.7,0.7,7,7,23765,3255,0.2333,0.3333,0.4333,0.6667,0.0,0.1,0.2,0.4667,0.2333,0.3333,0.4333,0.6667,0.0,0.1,0.2333,0.4667,0.2333,0.5333,0.6667,0.8,0.0,0.2,0.3667,0.6667,OK
layered_small_seed5,layered,small,5,0,3,hetero,1,0,4410,3,0.2667,"(l2,l4,tr2)",0.7667,"(l4,l5,tr1,k5)",0.7667,"(l4,l5,tr1,k5)",p2,4,6,0.2667,0.4,0.5667,0.7667,0.0,0.2,0.3667,0.5667,0.2667,0.4667,0.6,0.7667,0.0,0.2,0.3333,0.5667,0.2667,0.4667,0.6667,0.8,0.0,0.2333,0.4,0.6667,False,60.013,[],4410,3255,1155,True,1.799,[],0.042,23765,0.2333,0.019,7,0.7,0.7,7,7,23765,3255,0.2333,0.3333,0.4333,0.6667,0.0,0.1,0.2,0.4667,0.2333,0.3333,0.4333,0.6667,0.0,0.1,0.2333,0.4667,0.2333,0.5333,0.6667,0.8,0.0,0.2,0.3667,0.6667,OK
layered_small_seed3,layered,small,3,750,3,off_off,0,0,7216,0,0.6667,"(l2,l3,tr1)",0.8667,"(l3,l6,tr1,k4)",0.8667,"(l3,l6,tr1,k4)",p2,10,6,0.6667,0.7,0.7333,0.8667,0.0333,0.1333,0.3667,0.6333,0.6667,0.7,0.7333,0.8333,0.0,0.1333,0.4333,0.5333,0.6667,0.7,0.8,0.8667,0.0333,0.1333,0.4,0.6667,False,100.015,[],7216,5744,1472,False,100.01,[],0.034,18516,0.1667,0.03,38,0.9,0.9,21,7,14016,6388,0.1667,0.1667,0.2333,0.2333,0.0333,0.0667,0.2,0.3,0.1667,0.1667,0.2667,0.2667,0.0333,0.0667,0.3,0.3667,0.1667,0.1667,0.2333,0.2333,0.0333,0.1,0.1667,0.3,OK
layered_small_seed5,layered,small,5,0,3,conc,0,1,4410,3,0.2667,"(l2,l4,tr2)",0.7333,"(l2,l4,tr2,k6)",0.7333,"(l2,l4,tr2,k6)",p2,12,5,0.3667,0.4667,0.5667,0.6667,0.0667,0.2,0.3,0.4,0.3667,0.4667,0.5667,0.6333,0.0667,0.2,0.3333,0.4,0.3667,0.6,0.7,0.8,0.0667,0.2667,0.5,0.6667,False,60.013,[],4410,4410,0,False,60.01,[],0.042,23765,0.2333,0.019,14392,0.7,0.7,7,7,23765,3255,0.2333,0.3333,0.4333,0.6667,0.0,0.1,0.2,0.4667,0.2333,0.3333,0.4333,0.6667,0.0,0.1,0.2333,0.4667,0.2333,0.5333,0.6667,0.8,0.0,0.2,0.3667,0.6667,OK
layered_small_seed5,layered,small,5,0,3,both,1,1,4410,3,0.2667,"(l2,l4,tr2)",0.7333,"(l2,l4,tr2,k4)",0.7333,"(l2,l4,tr2,k4)",p2,11,5,0.3667,0.4667,0.5667,0.6333,0.0667,0.2,0.3,0.3667,0.3667,0.4667,0.5667,0.7667,0.0667,0.2333,0.3333,0.5333,0.3333,0.4333,0.7,0.8,0.0667,0.2667,0.4,0.6333,False,60.013,[],4410,4235,175,False,60.009,[],0.042,23765,0.2333,0.019,14399,0.7,0.7,7,7,23765,3255,0.2333,0.3333,0.4333,0.6667,0.0,0.1,0.2,0.4667,0.2333,0.3333,0.4333,0.6667,0.0,0.1,0.2333,0.4667,0.2333,0.5333,0.6667,0.8,0.0,0.2,0.3667,0.6667,OK
layered_small_seed3,layered,small,3,750,3,hetero,1,0,7216,0,0.6667,"(l2,l3,tr1)",0.8667,"(l3,l6,tr1,k2)",0.8667,"(l3,l6,tr1,k2)",p2,5,5,0.6667,0.7,0.7333,0.8667,0.0667,0.1667,0.3667,0.6,0.6667,0.7333,0.7333,0.8667,0.0667,0.1667,0.4,0.5333,0.6667,0.7,0.7667,0.8667,0.0667,0.1667,0.4333,0.6333,False,100.015,[],7216,5744,1472,False,100.012,[],0.034,18516,0.1667,0.03,21,0.9,0.9,21,7,14016,6388,0.1667,0.1667,0.2333,0.2333,0.0333,0.0667,0.2,0.3,0.1667,0.1667,0.2667,0.2667,0.0333,0.0667,0.3,0.3667,0.1667,0.1667,0.2333,0.2333,0.0333,0.1,0.1667,0.3,OK
layered_small_seed5,layered,small,5,300,3,off_off,0,0,5170,3,0.2333,"(l2,l4,tr2)",0.7,"(l4,l5,tr1,k4)",0.7,"(l4,l5,tr1,k4)",p2,6,8,0.2333,0.4,0.4,0.7,0.0,0.1667,0.1667,0.4667,0.2333,0.4,0.4,0.7,0.0,0.2333,0.2667,0.5667,0.2333,0.4667,0.4667,0.7333,0.0,0.2,0.3,0.5667,False,60.007,[],4270,3185,1085,True,0.07,[],0.038,24665,0.2333,0.019,18,0.7,0.7,9,7,23765,3325,0.2333,0.4,0.4,0.7,0.0,0.1667,0.1667,0.4667,0.2333,0.5333,0.5333,0.7,0.0,0.2333,0.3333,0.5333,0.2333,0.5,0.5,0.7,0.0,0.2333,0.3,0.5333,OK
layered_small_seed5,layered,small,5,300,3,hetero,1,0,5170,3,0.2333,"(l2,l4,tr2)",0.7,"(l4,l5,tr1,k3)",0.7,"(l4,l5,tr1,k3)",p2,4,11,0.2333,0.4,0.4,0.7,0.0,0.2,0.2333,0.5333,0.2333,0.4,0.4,0.7,0.0,0.2,0.2333,0.5333,0.2333,0.4667,0.4667,0.7333,0.0,0.2,0.3667,0.6333,False,60.007,[],4270,3185,1085,True,0.765,[],0.038,24665,0.2333,0.019,9,0.7,0.7,9,7,23765,3325,0.2333,0.4,0.4,0.7,0.0,0.1667,0.1667,0.4667,0.2333,0.5333,0.5333,0.7,0.0,0.2333,0.3333,0.5333,0.2333,0.5,0.5,0.7,0.0,0.2333,0.3,0.5333,OK
layered_small_seed5,layered,small,5,300,3,conc,0,1,5170,3,0.2333,"(l2,l4,tr2)",0.7,"(l4,l5,tr1,k1)",0.7,"(l4,l5,tr1,k1)",p2,9,9,0.2333,0.3667,0.5333,0.7,0.0,0.1333,0.3,0.4667,0.2333,0.4,0.5667,0.8,0.0,0.2333,0.4,0.5667,0.2333,0.4,0.5667,0.7,0.0,0.1667,0.4333,0.6,False,60.007,[],4270,4270,0,False,60.008,[],0.038,24665,0.2333,0.019,13869,0.7,0.7,9,7,23765,3325,0.2333,0.4,0.4,0.7,0.0,0.1667,0.1667,0.4667,0.2333,0.5333,0.5333,0.7,0.0,0.2333,0.3333,0.5333,0.2333,0.5,0.5,0.7,0.0,0.2333,0.3,0.5333,OK
layered_small_seed3,layered,small,3,750,3,conc,0,1,7216,0,0.6667,"(l2,l3,tr1)",0.8667,"(l1,l4,tr1,k2)",0.8667,"(l1,l4,tr1,k2)",p1,12,6,0.6667,0.7333,0.7333,0.8667,0.0333,0.2333,0.3,0.5333,0.6667,0.7667,0.8,0.8667,0.0333,0.2333,0.3667,0.6,0.6667,0.7333,0.8,0.8667,0.0667,0.2667,0.4,0.7333,False,100.015,[],7216,6572,644,False,100.012,[],0.034,18516,0.1667,0.026,25389,0.9,0.9,21,7,14016,6388,0.1667,0.1667,0.2333,0.2333,0.0333,0.0667,0.2,0.3,0.1667,0.1667,0.2667,0.2667,0.0333,0.0667,0.3,0.3667,0.1667,0.1667,0.2333,0.2333,0.0333,0.1,0.1667,0.3,OK
layered_small_seed5,layered,small,5,300,3,both,1,1,5170,3,0.2333,"(l2,l4,tr2)",0.7,"(l4,l5,tr1,k1)",0.7,"(l4,l5,tr1,k1)",p2,7,10,0.2333,0.3667,0.5333,0.7,0.0,0.1333,0.3333,0.5667,0.2333,0.5,0.6667,0.8333,0.0667,0.3333,0.4,0.6667,0.2333,0.4,0.5333,0.7,0.0,0.1667,0.3333,0.5667,False,60.007,[],4270,4060,210,False,60.008,[],0.038,24665,0.2333,0.019,13878,0.7,0.7,9,7,23765,3325,0.2333,0.4,0.4,0.7,0.0,0.1667,0.1667,0.4667,0.2333,0.5333,0.5333,0.7,0.0,0.2333,0.3333,0.5333,0.2333,0.5,0.5,0.7,0.0,0.2333,0.3,0.5333,OK
layered_small_seed3,layered,small,3,750,3,both,1,1,7216,0,0.6667,"(l2,l3,tr1)",0.8667,"(l3,l5,tr1,k4)",0.8667,"(l3,l5,tr1,k4)",p1,13,7,0.6667,0.7333,0.7333,0.8667,0.0333,0.2333,0.3,0.5667,0.6667,0.7333,0.7333,0.8667,0.0,0.2,0.3667,0.6333,0.6667,0.7667,0.8,0.8667,0.0667,0.2333,0.3667,0.6333,False,100.015,[],7216,6572,644,False,100.011,[],0.034,18516,0.1667,0.03,25410,0.9,0.9,21,7,14016,6388,0.1667,0.1667,0.2333,0.2333,0.0333,0.0667,0.2,0.3,0.1667,0.1667,0.2667,0.2667,0.0333,0.0667,0.3,0.3667,0.1667,0.1667,0.2333,0.2333,0.0333,0.1,0.1667,0.3,OK
layered_small_seed5,layered,small,5,500,3,off_off,0,0,5770,3,0.2333,"(l2,l4,tr2)",0.7,"(l4,l5,tr1,k4)",0.7,"(l4,l5,tr1,k4)",p2,6,8,0.2333,0.4,0.4,0.7,0.0,0.1667,0.1667,0.4667,0.2333,0.4,0.4,0.7,0.0,0.2333,0.2667,0.5667,0.2333,0.4667,0.4667,0.7333,0.0,0.2,0.3,0.5667,False,60.008,[],4270,3185,1085,True,0.067,[],0.038,25265,0.2333,0.018,18,0.7,0.7,9,7,23765,3325,0.2333,0.4,0.4,0.7,0.0,0.1667,0.1667,0.4667,0.2333,0.5333,0.5333,0.7,0.0,0.2333,0.3333,0.5333,0.2333,0.5,0.5,0.7,0.0,0.2333,0.3,0.5333,OK
layered_small_seed5,layered,small,5,500,3,hetero,1,0,5770,3,0.2333,"(l2,l4,tr2)",0.7,"(l4,l5,tr1,k3)",0.7,"(l4,l5,tr1,k3)",p2,4,11,0.2333,0.4,0.4,0.7,0.0,0.2,0.2333,0.5333,0.2333,0.4,0.4,0.7,0.0,0.2,0.2333,0.5333,0.2333,0.4667,0.4667,0.7333,0.0,0.2,0.3667,0.6333,False,60.008,[],4270,3185,1085,True,0.765,[],0.038,25265,0.2333,0.019,9,0.7,0.7,9,7,23765,3325,0.2333,0.4,0.4,0.7,0.0,0.1667,0.1667,0.4667,0.2333,0.5333,0.5333,0.7,0.0,0.2333,0.3333,0.5333,0.2333,0.5,0.5,0.7,0.0,0.2333,0.3,0.5333,OK
layered_small_seed5,layered,small,5,500,3,conc,0,1,5770,3,0.2333,"(l2,l4,tr2)",0.7,"(l4,l5,tr1,k1)",0.7,"(l4,l5,tr1,k1)",p2,9,9,0.2333,0.3667,0.5333,0.7,0.0,0.1333,0.3,0.4667,0.2333,0.4,0.5667,0.8,0.0,0.2333,0.4,0.5667,0.2333,0.4,0.5667,0.7,0.0,0.1667,0.4333,0.6,False,60.008,[],4270,4270,0,False,60.008,[],0.038,25265,0.2333,0.018,13869,0.7,0.7,9,7,23765,3325,0.2333,0.4,0.4,0.7,0.0,0.1667,0.1667,0.4667,0.2333,0.5333,0.5333,0.7,0.0,0.2333,0.3333,0.5333,0.2333,0.5,0.5,0.7,0.0,0.2333,0.3,0.5333,OK
layered_small_seed5,layered,small,5,500,3,both,1,1,5770,3,0.2333,"(l2,l4,tr2)",0.7,"(l4,l5,tr1,k1)",0.7,"(l4,l5,tr1,k1)",p2,7,10,0.2333,0.3667,0.5333,0.7,0.0,0.1333,0.3333,0.5667,0.2333,0.5,0.6667,0.8333,0.0667,0.3333,0.4,0.6667,0.2333,0.4,0.5333,0.7,0.0,0.1667,0.3333,0.5667,False,60.008,[],4270,4060,210,False,60.011,[],0.038,25265,0.2333,0.019,13878,0.7,0.7,9,7,23765,3325,0.2333,0.4,0.4,0.7,0.0,0.1667,0.1667,0.4667,0.2333,0.5333,0.5333,0.7,0.0,0.2333,0.3333,0.5333,0.2333,0.5,0.5,0.7,0.0,0.2333,0.3,0.5333,OK
layered_small_seed5,layered,small,5,750,3,off_off,0,0,6400,2,0.3333,"(l4,l5,tr1)",0.7,"(l4,l5,tr1,k3)",0.7,"(l4,l5,tr1,k3)",p2,11,10,0.3333,0.4333,0.4333,0.7,0.0,0.0,0.0333,0.0333,0.3333,0.6,0.6,0.8,0.0,0.1333,0.4,0.6,0.3333,0.4333,0.4333,0.7,0.0,0.0,0.0333,0.0333,False,60.012,[],4900,4130,770,True,0.036,[],0.042,26015,0.2333,0.018,20,0.7,0.7,11,10,23765,4130,0.2333,0.2667,0.2667,0.2667,0.0,0.0,0.0333,0.0333,0.2333,0.2667,0.2667,0.2667,0.0,0.1333,0.4,0.6,0.2333,0.2667,0.2667,0.2667,0.0,0.0,0.0333,0.0333,OK
layered_small_seed5,layered,small,5,750,3,hetero,1,0,6400,2,0.3333,"(l4,l5,tr1)",0.7333,"(l2,l4,tr1,k1)",0.7333,"(l2,l4,tr1,k1)",p2,1,13,0.3333,0.5333,0.5333,0.7333,0.0333,0.0333,0.1667,0.2,0.3333,0.5667,0.5667,0.7667,0.0333,0.0667,0.3333,0.5,0.3333,0.5667,0.5667,0.7333,0.0333,0.0333,0.1667,0.2,False,60.012,[],4900,4130,770,True,0.076,[],0.042,26015,0.2333,0.019,11,0.7,0.7,11,10,23765,4130,0.2333,0.2667,0.2667,0.2667,0.0,0.0,0.0333,0.0333,0.2333,0.2667,0.2667,0.2667,0.0,0.1333,0.4,0.6,0.2333,0.2667,0.2667,0.2667,0.0,0.0,0.0333,0.0333,OK
layered_small_seed5,layered,small,5,750,3,conc,0,1,6400,2,0.3333,"(l4,l5,tr1)",0.8,"(l2,l3,tr1,k1)",0.8,"(l2,l3,tr1,k1)",p2,9,14,0.3333,0.5,0.6667,0.8,0.0,0.0,0.2,0.2,0.3333,0.5,0.6667,0.8,0.0667,0.1333,0.4333,0.4333,0.3333,0.5,0.6667,0.8,0.0,0.0,0.2,0.2,False,60.012,[],4900,4900,0,True,4.827,[],0.042,26015,0.2333,0.019,11998,0.7,0.7,11,10,23765,4130,0.2333,0.2667,0.2667,0.2667,0.0,0.0,0.0333,0.0333,0.2333,0.2667,0.2667,0.2667,0.0,0.1333,0.4,0.6,0.2333,0.2667,0.2667,0.2667,0.0,0.0,0.0333,0.0333,OK
layered_small_seed5,layered,small,5,750,3,both,1,1,6400,2,0.3333,"(l4,l5,tr1)",0.8,"(l2,l3,tr1,k1)",0.8,"(l2,l3,tr1,k1)",p2,8,16,0.3333,0.5,0.6667,0.8,0.0,0.0,0.2333,0.2333,0.3333,0.5,0.6667,0.8,0.0,0.0,0.2667,0.4,0.3333,0.5,0.6667,0.8,0.0,0.0,0.3667,0.3667,False,60.012,[],4900,4900,0,True,3.267,[],0.042,26015,0.2333,0.018,12009,0.7,0.7,11,10,23765,4130,0.2333,0.2667,0.2667,0.2667,0.0,0.0,0.0333,0.0333,0.2333,0.2667,0.2667,0.2667,0.0,0.1333,0.4,0.6,0.2333,0.2667,0.2667,0.2667,0.0,0.0,0.0333,0.0333,OK
layered_small_seed3,layered,small,3,1000,3,off_off,0,0,7284,0,0.6667,"(l1,l4,tr1)",0.8667,"(l4,l5,tr1,k2)",0.8667,"(l4,l5,tr1,k2)",p1,14,7,0.6667,0.6667,0.7333,0.8,0.0,0.0667,0.3333,0.5667,0.6667,0.6667,0.8,0.8667,0.0,0.0,0.3333,0.5333,0.6667,0.7,0.7333,0.8,0.0,0.1667,0.4,0.5667,False,100.01,[],7284,5424,1860,False,100.011,[],0.017,20016,0.1667,0.026,37,0.8667,0.8667,18,7,14016,6000,0.1667,0.2,0.2,0.3,0.0,0.1,0.1333,0.3333,0.1667,0.2,0.2,0.3333,0.0,0.0667,0.1667,0.3333,0.1667,0.2667,0.2667,0.4,0.0,0.1,0.2333,0.5333,OK
layered_small_seed5,layered,small,5,1000,3,off_off,0,0,7270,3,0.2333,"(l2,l4,tr2)",0.7,"(l4,l5,tr1,k3)",0.7,"(l4,l5,tr1,k3)",p2,6,8,0.2333,0.4,0.4,0.7,0.0,0.1667,0.1667,0.4667,0.2333,0.4,0.4,0.7,0.0,0.2333,0.2667,0.5667,0.2333,0.4667,0.4667,0.7333,0.0,0.2,0.3,0.5667,False,60.016,[],4270,3185,1085,True,0.076,[],0.037,26765,0.2333,0.019,18,0.7,0.7,9,7,23765,3325,0.2333,0.4,0.4,0.7,0.0,0.1667,0.1667,0.4667,0.2333,0.5333,0.5333,0.7,0.0,0.2333,0.3333,0.5333,0.2333,0.5,0.5,0.7,0.0,0.2333,0.3,0.5333,OK
layered_small_seed5,layered,small,5,1000,3,hetero,1,0,7270,3,0.2333,"(l2,l4,tr2)",0.7,"(l4,l5,tr1,k4)",0.7,"(l4,l5,tr1,k4)",p2,4,11,0.2333,0.4,0.4,0.7,0.0,0.2,0.2333,0.5333,0.2333,0.4,0.4,0.7,0.0,0.2,0.2333,0.5333,0.2333,0.4667,0.4667,0.7333,0.0,0.2,0.3667,0.6333,False,60.016,[],4270,3185,1085,True,0.742,[],0.037,26765,0.2333,0.02,9,0.7,0.7,9,7,23765,3325,0.2333,0.4,0.4,0.7,0.0,0.1667,0.1667,0.4667,0.2333,0.5333,0.5333,0.7,0.0,0.2333,0.3333,0.5333,0.2333,0.5,0.5,0.7,0.0,0.2333,0.3,0.5333,OK
layered_small_seed3,layered,small,3,1000,3,hetero,1,0,7284,0,0.6667,"(l1,l4,tr1)",0.8667,"(l3,l6,tr1,k2)",0.8667,"(l3,l6,tr1,k2)",p2,1,5,0.6667,0.7,0.7333,0.8667,0.0667,0.1333,0.3333,0.5667,0.6667,0.7333,0.7333,0.8667,0.0667,0.1667,0.4,0.6333,0.6667,0.7333,0.7333,0.8667,0.0667,0.1333,0.4,0.6,False,100.01,[],7284,5424,1860,False,100.013,[],0.017,20016,0.1667,0.025,18,0.8667,0.8667,18,7,14016,6000,0.1667,0.2,0.2,0.3,0.0,0.1,0.1333,0.3333,0.1667,0.2,0.2,0.3333,0.0,0.0667,0.1667,0.3333,0.1667,0.2667,0.2667,0.4,0.0,0.1,0.2333,0.5333,OK
layered_small_seed5,layered,small,5,1000,3,conc,0,1,7270,3,0.2333,"(l2,l4,tr2)",0.7,"(l4,l5,tr1,k1)",0.7,"(l4,l5,tr1,k1)",p2,9,9,0.2333,0.3667,0.5333,0.7,0.0,0.1333,0.3,0.4667,0.2333,0.4,0.5667,0.8,0.0,0.2333,0.4,0.5667,0.2333,0.4,0.5667,0.7,0.0,0.1667,0.4333,0.6,False,60.016,[],4270,4270,0,False,60.007,[],0.037,26765,0.2333,0.019,13869,0.7,0.7,9,7,23765,3325,0.2333,0.4,0.4,0.7,0.0,0.1667,0.1667,0.4667,0.2333,0.5333,0.5333,0.7,0.0,0.2333,0.3333,0.5333,0.2333,0.5,0.5,0.7,0.0,0.2333,0.3,0.5333,OK
layered_small_seed5,layered,small,5,1000,3,both,1,1,7270,3,0.2333,"(l2,l4,tr2)",0.7,"(l4,l5,tr1,k1)",0.7,"(l4,l5,tr1,k1)",p2,7,10,0.2333,0.3667,0.5333,0.7,0.0,0.1333,0.3333,0.5667,0.2333,0.5,0.6667,0.8333,0.0667,0.3333,0.4,0.6667,0.2333,0.4,0.5333,0.7,0.0,0.1667,0.3333,0.5667,False,60.016,[],4270,4060,210,False,60.008,[],0.037,26765,0.2333,0.019,13878,0.7,0.7,9,7,23765,3325,0.2333,0.4,0.4,0.7,0.0,0.1667,0.1667,0.4667,0.2333,0.5333,0.5333,0.7,0.0,0.2333,0.3333,0.5333,0.2333,0.5,0.5,0.7,0.0,0.2333,0.3,0.5333,OK
layered_small_seed3,layered,small,3,1000,3,conc,0,1,7284,0,0.6667,"(l1,l4,tr1)",0.8667,"(l3,l6,tr1,k1)",0.8667,"(l3,l6,tr1,k1)",p2,16,7,0.6667,0.7333,0.7333,0.8,0.0333,0.1667,0.2333,0.4333,0.6667,0.7333,0.7333,0.8333,0.0333,0.3,0.3333,0.5667,0.6667,0.7333,0.7333,0.8,0.0,0.2,0.2667,0.5,False,100.01,[],7284,6620,664,False,100.007,[],0.017,20016,0.1667,0.027,24813,0.8667,0.8667,18,7,14016,6000,0.1667,0.2,0.2,0.3,0.0,0.1,0.1333,0.3333,0.1667,0.2,0.2,0.3333,0.0,0.0667,0.1667,0.3333,0.1667,0.2667,0.2667,0.4,0.0,0.1,0.2333,0.5333,OK
layered_small_seed3,layered,small,3,1000,3,both,1,1,7284,0,0.6667,"(l1,l4,tr1)",0.8667,"(l3,l5,tr1,k1)",0.8667,"(l3,l5,tr1,k1)",p1,13,7,0.6667,0.6667,0.7333,0.8,0.0333,0.1667,0.3333,0.5,0.6667,0.6667,0.8,0.8,0.0333,0.2667,0.4,0.6,0.6667,0.6667,0.8,0.8,0.0667,0.3,0.4333,0.5667,False,100.01,[],7284,6588,696,False,100.012,[],0.017,20016,0.1667,0.013,24831,0.8667,0.8667,18,7,14016,6000,0.1667,0.2,0.2,0.3,0.0,0.1,0.1333,0.3333,0.1667,0.2,0.2,0.3333,0.0,0.0667,0.1667,0.3333,0.1667,0.2667,0.2667,0.4,0.0,0.1,0.2333,0.5333,OK
layered_small_seed4,layered,small,4,0,3,off_off,0,0,3784,2,0.5667,"(l1,l6,tr2)",0.8333,"(l1,l6,tr2,k2)",0.8333,"(l1,l6,tr2,k2)",p2,16,7,0.6,0.6,0.6,0.6667,0.0,0.0333,0.0333,0.2,0.5667,0.5667,0.7667,0.8667,0.0,0.1,0.3,0.4667,0.6333,0.6667,0.6667,0.6667,0.0667,0.0667,0.0667,0.3333,False,100.009,[],3784,2984,800,True,0.9,[],0.016,14504,0.5333,0.025,26,0.8333,0.8333,16,7,14504,2984,0.5333,0.5333,0.5333,0.6,0.0,0.0333,0.0333,0.2,0.6,0.6667,0.6667,0.7333,0.0,0.1,0.3,0.4667,0.6,0.6,0.6,0.6,0.0667,0.0667,0.0667,0.3333,OK
layered_small_seed4,layered,small,4,0,3,hetero,1,0,3784,2,0.5667,"(l1,l6,tr2)",0.9,"(l1,l4,tr2,k1)",0.9,"(l1,l4,tr2,k1)",p2,2,6,0.6333,0.6667,0.7667,0.8667,0.0333,0.2,0.3,0.5667,0.6333,0.7,0.8,0.8667,0.0667,0.2667,0.3667,0.5667,0.6333,0.6667,0.7667,0.8667,0.0333,0.2333,0.3333,0.6,False,100.009,[],3784,2984,800,True,3.046,[],0.016,14504,0.5333,0.012,16,0.8333,0.8333,16,7,14504,2984,0.5333,0.5333,0.5333,0.6,0.0,0.0333,0.0333,0.2,0.6,0.6667,0.6667,0.7333,0.0,0.1,0.3,0.4667,0.6,0.6,0.6,0.6,0.0667,0.0667,0.0667,0.3333,OK
layered_small_seed4,layered,small,4,0,3,conc,0,1,3784,2,0.5667,"(l1,l6,tr2)",0.9,"(l4,l5,tr2,k7)",0.9,"(l4,l5,tr2,k7)",p2,8,7,0.6,0.6667,0.7333,0.8,0.0333,0.1667,0.3333,0.4,0.6,0.7,0.7667,0.8333,0.0333,0.2,0.3667,0.5333,0.6,0.6667,0.7333,0.8,0.0333,0.2,0.3,0.5,False,100.009,[],3784,3704,80,False,100.009,[],0.016,14504,0.5333,0.012,20303,0.8333,0.8333,16,7,14504,2984,0.5333,0.5333,0.5333,0.6,0.0,0.0333,0.0333,0.2,0.6,0.6667,0.6667,0.7333,0.0,0.1,0.3,0.4667,0.6,0.6,0.6,0.6,0.0667,0.0667,0.0667,0.3333,OK
layered_small_seed4,layered,small,4,0,3,both,1,1,3784,2,0.5667,"(l1,l6,tr2)",0.8333,"(l4,l5,tr2,k6)",0.8333,"(l4,l5,tr2,k6)",p2,7,6,0.6,0.6667,0.7333,0.8,0.0333,0.2,0.3333,0.4667,0.6,0.6667,0.8,0.8,0.0333,0.2,0.4,0.5333,0.6,0.7,0.8,0.9,0.0333,0.2333,0.4,0.6667,False,100.009,[],3784,3784,0,False,100.011,[],0.016,14504,0.5333,0.025,20319,0.8333,0.8333,16,7,14504,2984,0.5333,0.5333,0.5333,0.6,0.0,0.0333,0.0333,0.2,0.6,0.6667,0.6667,0.7333,0.0,0.1,0.3,0.4667,0.6,0.6,0.6,0.6,0.0667,0.0667,0.0667,0.3333,OK
layered_small_seed4,layered,small,4,300,3,off_off,0,0,3816,0,0.6667,"(l1,l6,tr2)",0.8,"(l1,l6,tr1,k1)",0.8,"(l1,l6,tr1,k1)",p2,19,11,0.6667,0.6667,0.7333,0.8,0.0,0.0,0.1333,0.3,0.6667,0.7333,0.8,0.9,0.0333,0.2,0.3333,0.6333,0.6667,0.6667,0.7667,0.8,0.0,0.0,0.2333,0.4333,False,100.012,[],3816,2936,880,True,2.862,[],0.031,15404,0.5333,0.025,27,0.8333,0.8333,22,12,14504,3016,0.5333,0.5333,0.5333,0.5333,0.0,0.0,0.0667,0.1333,0.5333,0.6,0.7,0.7,0.0,0.1333,0.2667,0.5333,0.5333,0.5333,0.5333,0.6,0.0,0.0,0.0667,0.3667,OK
layered_small_seed4,layered,small,4,300,3,hetero,1,0,3816,0,0.6667,"(l1,l6,tr2)",0.8333,"(l1,l6,tr1,k1)",0.8333,"(l1,l6,tr1,k1)",p2,2,9,0.7,0.7667,0.8333,0.8333,0.0333,0.1333,0.3333,0.4667,0.7333,0.8,0.8,0.9,0.0333,0.2333,0.4333,0.6667,0.7,0.7667,0.8333,0.8333,0.0333,0.1667,0.3667,0.4667,False,100.012,[],3816,3016,800,True,8.41,[],0.031,15404,0.5333,0.014,22,0.8333,0.8333,22,12,14504,3016,0.5333,0.5333,0.5333,0.5333,0.0,0.0,0.0667,0.1333,0.5333,0.6,0.7,0.7,0.0,0.1333,0.2667,0.5333,0.5333,0.5333,0.5333,0.6,0.0,0.0,0.0667,0.3667,OK
layered_small_seed4,layered,small,4,300,3,conc,0,1,3816,0,0.6667,"(l1,l6,tr2)",0.8333,"(l2,l3,tr2,k6)",0.8333,"(l2,l3,tr2,k6)",p2,11,13,0.7,0.7333,0.8,0.8,0.0667,0.1333,0.3333,0.3333,0.7,0.7,0.7667,0.8,0.0333,0.0333,0.3,0.3667,0.7,0.7,0.7667,0.8,0.0667,0.1333,0.3667,0.5333,False,100.012,[],3816,3456,360,False,100.008,[],0.031,15404,0.5333,0.014,21251,0.8333,0.8333,22,12,14504,3016,0.5333,0.5333,0.5333,0.5333,0.0,0.0,0.0667,0.1333,0.5333,0.6,0.7,0.7,0.0,0.1333,0.2667,0.5333,0.5333,0.5333,0.5333,0.6,0.0,0.0,0.0667,0.3667,OK
layered_small_seed4,layered,small,4,300,3,both,1,1,3816,0,0.6667,"(l1,l6,tr2)",0.8333,"(l4,l5,tr2,k7)",0.8333,"(l4,l5,tr2,k7)",p2,18,16,0.6667,0.6667,0.6667,0.8333,0.0333,0.0667,0.2,0.4,0.7,0.7333,0.8,0.8,0.0333,0.2333,0.4333,0.4333,0.6667,0.7,0.8333,0.8333,0.0,0.2,0.4333,0.5,False,100.012,[],3816,3656,160,False,100.008,[],0.031,15404,0.5333,0.013,21273,0.8333,0.8333,22,12,14504,3016,0.5333,0.5333,0.5333,0.5333,0.0,0.0,0.0667,0.1333,0.5333,0.6,0.7,0.7,0.0,0.1333,0.2667,0.5333,0.5333,0.5333,0.5333,0.6,0.0,0.0,0.0667,0.3667,OK
layered_small_seed4,layered,small,4,500,3,off_off,0,0,3816,0,0.6667,"(l2,l3,tr2)",0.8333,"(l4,l5,tr2,k5)",0.8333,"(l4,l5,tr2,k5)",p2,18,10,0.7,0.7,0.7333,0.8333,0.0667,0.1333,0.2667,0.3667,0.6667,0.7,0.7333,0.8667,0.0,0.1,0.2333,0.5667,0.7,0.7333,0.7667,0.8333,0.0333,0.1667,0.3667,0.6,False,100.014,[],3816,3016,800,True,1.96,[],0.026,16004,0.5333,0.027,28,0.9,0.9,18,10,14504,3016,0.6,0.6,0.6,0.6,0.0667,0.1333,0.2667,0.3667,0.5333,0.6,0.6,0.6,0.0,0.1,0.2333,0.5667,0.6,0.6,0.6,0.6,0.0333,0.1667,0.3667,0.6,OK
layered_small_seed4,layered,small,4,500,3,hetero,1,0,3816,0,0.6667,"(l2,l3,tr2)",0.8333,"(l1,l6,tr1,k1)",0.8333,"(l1,l6,tr1,k1)",p2,2,4,0.7,0.7667,0.8,0.8333,0.0667,0.1333,0.3,0.5,0.7,0.7667,0.8333,0.9,0.1,0.2333,0.5,0.6333,0.7,0.7667,0.8333,0.8333,0.1,0.2333,0.4333,0.5333,False,100.014,[],3816,3016,800,True,24.449,[],0.026,16004,0.5333,0.013,18,0.9,0.9,18,10,14504,3016,0.6,0.6,0.6,0.6,0.0667,0.1333,0.2667,0.3667,0.5333,0.6,0.6,0.6,0.0,0.1,0.2333,0.5667,0.6,0.6,0.6,0.6,0.0333,0.1667,0.3667,0.6,OK
layered_small_seed4,layered,small,4,500,3,conc,0,1,3816,0,0.6667,"(l2,l3,tr2)",0.8667,"(l1,l6,tr1,k2)",0.8667,"(l1,l6,tr1,k2)",p2,10,6,0.7,0.7333,0.8,0.8,0.0333,0.1,0.3,0.3,0.7,0.7,0.7667,0.8,0.0667,0.1667,0.3667,0.5333,0.7,0.7333,0.8333,0.8667,0.0667,0.1,0.3667,0.4333,False,100.014,[],3816,3656,160,False,100.007,[],0.026,16004,0.5333,0.014,21962,0.9,0.9,18,10,14504,3016,0.6,0.6,0.6,0.6,0.0667,0.1333,0.2667,0.3667,0.5333,0.6,0.6,0.6,0.0,0.1,0.2333,0.5667,0.6,0.6,0.6,0.6,0.0333,0.1667,0.3667,0.6,OK
layered_small_seed4,layered,small,4,500,3,both,1,1,3816,0,0.6667,"(l2,l3,tr2)",0.8667,"(l1,l6,tr1,k1)",0.8667,"(l1,l6,tr1,k1)",p2,12,8,0.7,0.7333,0.8,0.8,0.0667,0.0667,0.2333,0.3333,0.7,0.7,0.8,0.8667,0.0667,0.1333,0.3667,0.6,0.7,0.7667,0.7667,0.8667,0.0333,0.1,0.2,0.4,False,100.014,[],3816,3376,440,False,100.008,[],0.026,16004,0.5333,0.015,21980,0.9,0.9,18,10,14504,3016,0.6,0.6,0.6,0.6,0.0667,0.1333,0.2667,0.3667,0.5333,0.6,0.6,0.6,0.0,0.1,0.2333,0.5667,0.6,0.6,0.6,0.6,0.0333,0.1667,0.3667,0.6,OK
layered_small_seed4,layered,small,4,750,3,off_off,0,0,3816,0,0.6667,"(l1,l6,tr2)",0.8333,"(l4,l5,tr2,k4)",0.8333,"(l4,l5,tr2,k4)",p2,13,9,0.7,0.7,0.7667,0.8333,0.0333,0.0667,0.1667,0.4,0.7,0.7333,0.8333,0.9,0.0333,0.2667,0.4,0.5667,0.7,0.7333,0.8333,0.8667,0.1,0.1667,0.4667,0.6333,False,100.027,[],3816,3016,800,True,1.804,[],0.032,16754,0.5333,0.03,28,0.8667,0.8667,13,9,14504,3016,0.5667,0.6,0.6,0.6,0.0333,0.0667,0.1667,0.4,0.5667,0.6,0.6,0.6,0.0333,0.2667,0.4,0.5667,0.6,0.6,0.6,0.6,0.1,0.1667,0.4667,0.6333,OK
layered_small_seed4,layered,small,4,750,3,hetero,1,0,3816,0,0.6667,"(l1,l6,tr2)",0.9,"(l1,l6,tr2,k5)",0.9,"(l1,l6,tr2,k5)",p2,0,5,0.7,0.7333,0.8,0.9,0.0667,0.2,0.4,0.6333,0.7333,0.7667,0.8667,0.9,0.1,0.3,0.4667,0.6333,0.7,0.7667,0.8667,0.9,0.0667,0.2333,0.4333,0.6,False,100.027,[],3816,3016,800,True,3.814,[],0.032,16754,0.5333,0.014,13,0.8667,0.8667,13,9,14504,3016,0.5667,0.6,0.6,0.6,0.0333,0.0667,0.1667,0.4,0.5667,0.6,0.6,0.6,0.0333,0.2667,0.4,0.5667,0.6,0.6,0.6,0.6,0.1,0.1667,0.4667,0.6333,OK
