instance_name,instance_type,instance_size,seed,n_locations,n_parts,n_routes,n_transports,density,capacity_tightness,weight,exposure_n,threads,solver_config,s2_config,hetero_on,concentrated_on,nominal_cost,exposure_count,s1_optimal,s1_time,s1_trajectory,s1_dispatch_cost,r_tr,worst_arc,r_1,worst_trip,k_1,kit_bottleneck_trip,kit_bottleneck_part,mono_count,concentrated_count,s2_dispatch_cost,cost_saving,r_heaviest_single_0.2,r_heaviest_single_0.4,r_heaviest_single_0.6,r_heaviest_single_0.8,r_heaviest_global_0.2,r_heaviest_global_0.4,r_heaviest_global_0.6,r_heaviest_global_0.8,s2_optimal,s2_time,s2_trajectory,first_s1_time,first_s1_cost,first_r_tr,first_s2_time,first_s2_cost,first_r_1,first_k_1,first_mono_count,first_concentrated_count,first_s1_dispatch_cost,first_s2_dispatch_cost,first_r_heaviest_single_0.2,first_r_heaviest_single_0.4,first_r_heaviest_single_0.6,first_r_heaviest_single_0.8,first_r_heaviest_global_0.2,first_r_heaviest_global_0.4,first_r_heaviest_global_0.6,first_r_heaviest_global_0.8,status
layered_paper,layered,paper,0,5,2,11,2,0.275,0.982,0,3,1,many,baseline,0,0,3458,4,True,9.667,"[{""cost"": 7980, ""time"": 0.008}, {""cost"": 7854, ""time"": 0.008}, {""cost"": 7476, ""time"": 0.009}, {""cost"": 7434, ""time"": 0.01}, {""cost"": 7336, ""time"": 0.01}, {""cost"": 7280, ""time"": 0.011}, {""cost"": 6636, ""time"": 0.012}, {""cost"": 6188, ""time"": 0.012}, {""cost"": 6076, ""time"": 0.013}, {""cost"": 6020, ""time"": 0.013}, {""cost"": 5964, ""time"": 0.014}, {""cost"": 5796, ""time"": 0.014}, {""cost"": 5782, ""time"": 0.015}, {""cost"": 5642, ""time"": 0.015}, {""cost"": 5572, ""time"": 0.016}, {""cost"": 5502, ""time"": 0.016}, {""cost"": 5488, ""time"": 0.017}, {""cost"": 5040, ""time"": 0.017}, {""cost"": 4914, ""time"": 0.018}, {""cost"": 4830, ""time"": 0.02}, {""cost"": 4774, ""time"": 0.021}, {""cost"": 4732, ""time"": 0.021}, {""cost"": 4648, ""time"": 0.022}, {""cost"": 4564, ""time"": 0.028}, {""cost"": 4536, ""time"": 0.029}, {""cost"": 4438, ""time"": 0.029}, {""cost"": 4284, ""time"": 0.03}, {""cost"": 4256, ""time"": 0.036}, {""cost"": 4242, ""time"": 0.037}, {""cost"": 4186, ""time"": 0.037}, {""cost"": 4144, ""time"": 0.038}, {""cost"": 4116, ""time"": 0.039}, {""cost"": 4102, ""time"": 0.04}, {""cost"": 3976, ""time"": 0.04}, {""cost"": 3794, ""time"": 0.041}, {""cost"": 3682, ""time"": 0.041}, {""cost"": 3654, ""time"": 0.043}, {""cost"": 3626, ""time"": 0.054}, {""cost"": 3584, ""time"": 0.073}, {""cost"": 3556, ""time"": 0.073}, {""cost"": 3542, ""time"": 0.128}, {""cost"": 3528, ""time"": 1.197}, {""cost"": 3514, ""time"": 2.112}, {""cost"": 3486, ""time"": 3.016}, {""cost"": 3472, ""time"": 3.145}, {""cost"": 3458, ""time"": 3.145}]",3458,0.5,"(l1,l4,tr2)",0.75,"(l1,l4,tr2,k2)",0.75,"(l1,l4,tr2,k2)",p2,9,20,2744,714,0.5,0.55,0.65,0.75,0.0,0.05,0.15,0.35,True,0.009,"[{""cost"": [20], ""time"": 0.005}, {""cost"": [19], ""time"": 0.006}]",,,,,,,,,,,,,,,,,,,,OK
layered_paper,layered,paper,0,5,2,11,2,0.275,0.982,0,3,1,many,mixed,1,0,3458,4,True,9.667,"[{""cost"": 7980, ""time"": 0.008}, {""cost"": 7854, ""time"": 0.008}, {""cost"": 7476, ""time"": 0.009}, {""cost"": 7434, ""time"": 0.01}, {""cost"": 7336, ""time"": 0.01}, {""cost"": 7280, ""time"": 0.011}, {""cost"": 6636, ""time"": 0.012}, {""cost"": 6188, ""time"": 0.012}, {""cost"": 6076, ""time"": 0.013}, {""cost"": 6020, ""time"": 0.013}, {""cost"": 5964, ""time"": 0.014}, {""cost"": 5796, ""time"": 0.014}, {""cost"": 5782, ""time"": 0.015}, {""cost"": 5642, ""time"": 0.015}, {""cost"": 5572, ""time"": 0.016}, {""cost"": 5502, ""time"": 0.016}, {""cost"": 5488, ""time"": 0.017}, {""cost"": 5040, ""time"": 0.017}, {""cost"": 4914, ""time"": 0.018}, {""cost"": 4830, ""time"": 0.02}, {""cost"": 4774, ""time"": 0.021}, {""cost"": 4732, ""time"": 0.021}, {""cost"": 4648, ""time"": 0.022}, {""cost"": 4564, ""time"": 0.028}, {""cost"": 4536, ""time"": 0.029}, {""cost"": 4438, ""time"": 0.029}, {""cost"": 4284, ""time"": 0.03}, {""cost"": 4256, ""time"": 0.036}, {""cost"": 4242, ""time"": 0.037}, {""cost"": 4186, ""time"": 0.037}, {""cost"": 4144, ""time"": 0.038}, {""cost"": 4116, ""time"": 0.039}, {""cost"": 4102, ""time"": 0.04}, {""cost"": 3976, ""time"": 0.04}, {""cost"": 3794, ""time"": 0.041}, {""cost"": 3682, ""time"": 0.041}, {""cost"": 3654, ""time"": 0.043}, {""cost"": 3626, ""time"": 0.054}, {""cost"": 3584, ""time"": 0.073}, {""cost"": 3556, ""time"": 0.073}, {""cost"": 3542, ""time"": 0.128}, {""cost"": 3528, ""time"": 1.197}, {""cost"": 3514, ""time"": 2.112}, {""cost"": 3486, ""time"": 3.016}, {""cost"": 3472, ""time"": 3.145}, {""cost"": 3458, ""time"": 3.145}]",3458,0.5,"(l1,l4,tr2)",0.85,"(l1,l3,tr2,k1)",0.85,"(l1,l3,tr2,k1)",p2,2,16,2744,714,0.55,0.65,0.7,0.85,0.1,0.25,0.35,0.6,True,0.021,"[{""cost"": [11, 20], ""time"": 0.005}, {""cost"": [10, 20], ""time"": 0.006}, {""cost"": [9, 19], ""time"": 0.007}, {""cost"": [8, 19], ""time"": 0.007}, {""cost"": [7, 19], ""time"": 0.008}, {""cost"": [4, 21], ""time"": 0.01}, {""cost"": [3, 21], ""time"": 0.011}, {""cost"": [3, 19], ""time"": 0.012}, {""cost"": [2, 19], ""time"": 0.014}]",,,,,,,,,,,,,,,,,,,,OK
layered_paper,layered,paper,0,5,2,11,2,0.275,0.982,0,3,1,many,even,0,1,3458,4,True,9.667,"[{""cost"": 7980, ""time"": 0.008}, {""cost"": 7854, ""time"": 0.008}, {""cost"": 7476, ""time"": 0.009}, {""cost"": 7434, ""time"": 0.01}, {""cost"": 7336, ""time"": 0.01}, {""cost"": 7280, ""time"": 0.011}, {""cost"": 6636, ""time"": 0.012}, {""cost"": 6188, ""time"": 0.012}, {""cost"": 6076, ""time"": 0.013}, {""cost"": 6020, ""time"": 0.013}, {""cost"": 5964, ""time"": 0.014}, {""cost"": 5796, ""time"": 0.014}, {""cost"": 5782, ""time"": 0.015}, {""cost"": 5642, ""time"": 0.015}, {""cost"": 5572, ""time"": 0.016}, {""cost"": 5502, ""time"": 0.016}, {""cost"": 5488, ""time"": 0.017}, {""cost"": 5040, ""time"": 0.017}, {""cost"": 4914, ""time"": 0.018}, {""cost"": 4830, ""time"": 0.02}, {""cost"": 4774, ""time"": 0.021}, {""cost"": 4732, ""time"": 0.021}, {""cost"": 4648, ""time"": 0.022}, {""cost"": 4564, ""time"": 0.028}, {""cost"": 4536, ""time"": 0.029}, {""cost"": 4438, ""time"": 0.029}, {""cost"": 4284, ""time"": 0.03}, {""cost"": 4256, ""time"": 0.036}, {""cost"": 4242, ""time"": 0.037}, {""cost"": 4186, ""time"": 0.037}, {""cost"": 4144, ""time"": 0.038}, {""cost"": 4116, ""time"": 0.039}, {""cost"": 4102, ""time"": 0.04}, {""cost"": 3976, ""time"": 0.04}, {""cost"": 3794, ""time"": 0.041}, {""cost"": 3682, ""time"": 0.041}, {""cost"": 3654, ""time"": 0.043}, {""cost"": 3626, ""time"": 0.054}, {""cost"": 3584, ""time"": 0.073}, {""cost"": 3556, ""time"": 0.073}, {""cost"": 3542, ""time"": 0.128}, {""cost"": 3528, ""time"": 1.197}, {""cost"": 3514, ""time"": 2.112}, {""cost"": 3486, ""time"": 3.016}, {""cost"": 3472, ""time"": 3.145}, {""cost"": 3458, ""time"": 3.145}]",3458,0.5,"(l1,l4,tr2)",0.75,"(l1,l4,tr2,k7)",0.75,"(l1,l4,tr2,k7)",p2,7,9,3458,0,0.55,0.6,0.7,0.7,0.05,0.1,0.25,0.25,True,40.499,"[{""cost"": [15800, 20], ""time"": 0.005}, {""cost"": [14800, 20], ""time"": 0.006}, {""cost"": [14800, 19], ""time"": 0.007}, {""cost"": [14200, 21], ""time"": 0.007}, {""cost"": [14200, 20], ""time"": 0.008}, {""cost"": [14000, 21], ""time"": 0.01}, {""cost"": [13000, 21], ""time"": 0.011}, {""cost"": [12800, 21], ""time"": 0.012}, {""cost"": [12400, 21], ""time"": 0.012}, {""cost"": [12000, 20], ""time"": 0.013}, {""cost"": [11600, 20], ""time"": 0.014}, {""cost"": [11000, 21], ""time"": 0.015}, {""cost"": [10600, 21], ""time"": 0.016}, {""cost"": [9600, 22], ""time"": 0.019}, {""cost"": [9000, 22], ""time"": 0.02}, {""cost"": [8400, 22], ""time"": 0.02}, {""cost"": [8000, 23], ""time"": 0.042}, {""cost"": [8000, 22], ""time"": 0.043}, {""cost"": [7400, 23], ""time"": 0.044}]",,,,,,,,,,,,,,,,,,,,OK
layered_paper,layered,paper,0,5,2,11,2,0.275,0.982,0,3,1,many,full,1,1,3458,4,True,9.667,"[{""cost"": 7980, ""time"": 0.008}, {""cost"": 7854, ""time"": 0.008}, {""cost"": 7476, ""time"": 0.009}, {""cost"": 7434, ""time"": 0.01}, {""cost"": 7336, ""time"": 0.01}, {""cost"": 7280, ""time"": 0.011}, {""cost"": 6636, ""time"": 0.012}, {""cost"": 6188, ""time"": 0.012}, {""cost"": 6076, ""time"": 0.013}, {""cost"": 6020, ""time"": 0.013}, {""cost"": 5964, ""time"": 0.014}, {""cost"": 5796, ""time"": 0.014}, {""cost"": 5782, ""time"": 0.015}, {""cost"": 5642, ""time"": 0.015}, {""cost"": 5572, ""time"": 0.016}, {""cost"": 5502, ""time"": 0.016}, {""cost"": 5488, ""time"": 0.017}, {""cost"": 5040, ""time"": 0.017}, {""cost"": 4914, ""time"": 0.018}, {""cost"": 4830, ""time"": 0.02}, {""cost"": 4774, ""time"": 0.021}, {""cost"": 4732, ""time"": 0.021}, {""cost"": 4648, ""time"": 0.022}, {""cost"": 4564, ""time"": 0.028}, {""cost"": 4536, ""time"": 0.029}, {""cost"": 4438, ""time"": 0.029}, {""cost"": 4284, ""time"": 0.03}, {""cost"": 4256, ""time"": 0.036}, {""cost"": 4242, ""time"": 0.037}, {""cost"": 4186, ""time"": 0.037}, {""cost"": 4144, ""time"": 0.038}, {""cost"": 4116, ""time"": 0.039}, {""cost"": 4102, ""time"": 0.04}, {""cost"": 3976, ""time"": 0.04}, {""cost"": 3794, ""time"": 0.041}, {""cost"": 3682, ""time"": 0.041}, {""cost"": 3654, ""time"": 0.043}, {""cost"": 3626, ""time"": 0.054}, {""cost"": 3584, ""time"": 0.073}, {""cost"": 3556, ""time"": 0.073}, {""cost"": 3542, ""time"": 0.128}, {""cost"": 3528, ""time"": 1.197}, {""cost"": 3514, ""time"": 2.112}, {""cost"": 3486, ""time"": 3.016}, {""cost"": 3472, ""time"": 3.145}, {""cost"": 3458, ""time"": 3.145}]",3458,0.5,"(l1,l4,tr2)",0.8,"(l1,l4,tr2,k7)",0.8,"(l1,l4,tr2,k7)",p2,6,9,3458,0,0.55,0.6,0.7,0.7,0.05,0.1,0.25,0.4,True,37.224,"[{""cost"": [15811, 20], ""time"": 0.006}, {""cost"": [14811, 20], ""time"": 0.006}, {""cost"": [14809, 19], ""time"": 0.007}, {""cost"": [14211, 21], ""time"": 0.008}, {""cost"": [14209, 20], ""time"": 0.009}, {""cost"": [13405, 21], ""time"": 0.011}, {""cost"": [12403, 21], ""time"": 0.011}, {""cost"": [12203, 20], ""time"": 0.012}, {""cost"": [12202, 21], ""time"": 0.013}, {""cost"": [11603, 21], ""time"": 0.014}, {""cost"": [11202, 21], ""time"": 0.015}, {""cost"": [11004, 21], ""time"": 0.016}, {""cost"": [10603, 21], ""time"": 0.017}, {""cost"": [10204, 21], ""time"": 0.019}, {""cost"": [10204, 20], ""time"": 0.02}, {""cost"": [9607, 23], ""time"": 0.021}, {""cost"": [9606, 23], ""time"": 0.022}, {""cost"": [9605, 23], ""time"": 0.023}, {""cost"": [9605, 22], ""time"": 0.024}, {""cost"": [9605, 21], ""time"": 0.025}, {""cost"": [9604, 22], ""time"": 0.032}, {""cost"": [9205, 22], ""time"": 0.033}, {""cost"": [9204, 22], ""time"": 0.034}, {""cost"": [9203, 22], ""time"": 0.035}, {""cost"": [8604, 22], ""time"": 0.036}, {""cost"": [8604, 21], ""time"": 0.037}, {""cost"": [8005, 22], ""time"": 0.038}, {""cost"": [7406, 23], ""time"": 0.044}]",,,,,,,,,,,,,,,,,,,,OK
layered_paper,layered,paper,0,5,2,11,2,0.275,0.982,500,3,1,many,baseline,0,0,3654,0,True,23.18,"[{""cost"": 11480, ""time"": 0.008}, {""cost"": 11354, ""time"": 0.009}, {""cost"": 10976, ""time"": 0.009}, {""cost"": 10718, ""time"": 0.01}, {""cost"": 9514, ""time"": 0.011}, {""cost"": 8570, ""time"": 0.011}, {""cost"": 8562, ""time"": 0.012}, {""cost"": 8510, ""time"": 0.012}, {""cost"": 8262, ""time"": 0.013}, {""cost"": 7994, ""time"": 0.013}, {""cost"": 7434, ""time"": 0.014}, {""cost"": 7014, ""time"": 0.014}, {""cost"": 6902, ""time"": 0.015}, {""cost"": 6860, ""time"": 0.015}, {""cost"": 6706, ""time"": 0.016}, {""cost"": 6590, ""time"": 0.016}, {""cost"": 6510, ""time"": 0.017}, {""cost"": 6478, ""time"": 0.018}, {""cost"": 6450, ""time"": 0.018}, {""cost"": 6310, ""time"": 0.019}, {""cost"": 6216, ""time"": 0.02}, {""cost"": 6188, ""time"": 0.02}, {""cost"": 6184, ""time"": 0.021}, {""cost"": 5936, ""time"": 0.021}, {""cost"": 5684, ""time"": 0.022}, {""cost"": 5572, ""time"": 0.022}, {""cost"": 5544, ""time"": 0.023}, {""cost"": 5516, ""time"": 0.023}, {""cost"": 5404, ""time"": 0.024}, {""cost"": 5292, ""time"": 0.024}, {""cost"": 5208, ""time"": 0.025}, {""cost"": 5124, ""time"": 0.026}, {""cost"": 5068, ""time"": 0.027}, {""cost"": 5026, ""time"": 0.027}, {""cost"": 4984, ""time"": 0.028}, {""cost"": 4970, ""time"": 0.029}, {""cost"": 4872, ""time"": 0.029}, {""cost"": 4812, ""time"": 0.03}, {""cost"": 4732, ""time"": 0.031}, {""cost"": 4718, ""time"": 0.032}, {""cost"": 4690, ""time"": 0.032}, {""cost"": 4676, ""time"": 0.033}, {""cost"": 4592, ""time"": 0.034}, {""cost"": 4588, ""time"": 0.042}, {""cost"": 4560, ""time"": 0.043}, {""cost"": 4522, ""time"": 0.044}, {""cost"": 4494, ""time"": 0.045}, {""cost"": 4410, ""time"": 0.047}, {""cost"": 4392, ""time"": 0.086}, {""cost"": 4326, ""time"": 0.107}, {""cost"": 4256, ""time"": 0.155}, {""cost"": 4242, ""time"": 0.156}, {""cost"": 4158, ""time"": 0.157}, {""cost"": 4144, ""time"": 0.158}, {""cost"": 4116, ""time"": 0.174}, {""cost"": 4088, ""time"": 0.175}, {""cost"": 4074, ""time"": 0.242}, {""cost"": 3990, ""time"": 0.243}, {""cost"": 3976, ""time"": 0.576}, {""cost"": 3920, ""time"": 0.578}, {""cost"": 3906, ""time"": 0.625}, {""cost"": 3892, ""time"": 0.627}, {""cost"": 3878, ""time"": 0.641}, {""cost"": 3850, ""time"": 0.644}, {""cost"": 3808, ""time"": 0.857}, {""cost"": 3766, ""time"": 0.94}, {""cost"": 3682, ""time"": 1.405}, {""cost"": 3654, ""time"": 1.406}]",3654,0.7,"(l1,l3,tr2)",0.75,"(l1,l3,tr2,k2)",0.75,"(l1,l3,tr2,k2)",p2,10,19,2940,714,0.7,0.7,0.7,0.75,0.0,0.0,0.05,0.2,True,0.012,"[{""cost"": [22], ""time"": 0.007}]",,,,,,,,,,,,,,,,,,,,OK
layered_paper,layered,paper,0,5,2,11,2,0.275,0.982,500,3,1,many,mixed,1,0,3654,0,True,23.18,"[{""cost"": 11480, ""time"": 0.008}, {""cost"": 11354, ""time"": 0.009}, {""cost"": 10976, ""time"": 0.009}, {""cost"": 10718, ""time"": 0.01}, {""cost"": 9514, ""time"": 0.011}, {""cost"": 8570, ""time"": 0.011}, {""cost"": 8562, ""time"": 0.012}, {""cost"": 8510, ""time"": 0.012}, {""cost"": 8262, ""time"": 0.013}, {""cost"": 7994, ""time"": 0.013}, {""cost"": 7434, ""time"": 0.014}, {""cost"": 7014, ""time"": 0.014}, {""cost"": 6902, ""time"": 0.015}, {""cost"": 6860, ""time"": 0.015}, {""cost"": 6706, ""time"": 0.016}, {""cost"": 6590, ""time"": 0.016}, {""cost"": 6510, ""time"": 0.017}, {""cost"": 6478, ""time"": 0.018}, {""cost"": 6450, ""time"": 0.018}, {""cost"": 6310, ""time"": 0.019}, {""cost"": 6216, ""time"": 0.02}, {""cost"": 6188, ""time"": 0.02}, {""cost"": 6184, ""time"": 0.021}, {""cost"": 5936, ""time"": 0.021}, {""cost"": 5684, ""time"": 0.022}, {""cost"": 5572, ""time"": 0.022}, {""cost"": 5544, ""time"": 0.023}, {""cost"": 5516, ""time"": 0.023}, {""cost"": 5404, ""time"": 0.024}, {""cost"": 5292, ""time"": 0.024}, {""cost"": 5208, ""time"": 0.025}, {""cost"": 5124, ""time"": 0.026}, {""cost"": 5068, ""time"": 0.027}, {""cost"": 5026, ""time"": 0.027}, {""cost"": 4984, ""time"": 0.028}, {""cost"": 4970, ""time"": 0.029}, {""cost"": 4872, ""time"": 0.029}, {""cost"": 4812, ""time"": 0.03}, {""cost"": 4732, ""time"": 0.031}, {""cost"": 4718, ""time"": 0.032}, {""cost"": 4690, ""time"": 0.032}, {""cost"": 4676, ""time"": 0.033}, {""cost"": 4592, ""time"": 0.034}, {""cost"": 4588, ""time"": 0.042}, {""cost"": 4560, ""time"": 0.043}, {""cost"": 4522, ""time"": 0.044}, {""cost"": 4494, ""time"": 0.045}, {""cost"": 4410, ""time"": 0.047}, {""cost"": 4392, ""time"": 0.086}, {""cost"": 4326, ""time"": 0.107}, {""cost"": 4256, ""time"": 0.155}, {""cost"": 4242, ""time"": 0.156}, {""cost"": 4158, ""time"": 0.157}, {""cost"": 4144, ""time"": 0.158}, {""cost"": 4116, ""time"": 0.174}, {""cost"": 4088, ""time"": 0.175}, {""cost"": 4074, ""time"": 0.242}, {""cost"": 3990, ""time"": 0.243}, {""cost"": 3976, ""time"": 0.576}, {""cost"": 3920, ""time"": 0.578}, {""cost"": 3906, ""time"": 0.625}, {""cost"": 3892, ""time"": 0.627}, {""cost"": 3878, ""time"": 0.641}, {""cost"": 3850, ""time"": 0.644}, {""cost"": 3808, ""time"": 0.857}, {""cost"": 3766, ""time"": 0.94}, {""cost"": 3682, ""time"": 1.405}, {""cost"": 3654, ""time"": 1.406}]",3654,0.7,"(l1,l3,tr2)",0.85,"(l2,l3,tr2,k1)",0.85,"(l2,l3,tr2,k1)",p1,0,11,3276,378,0.7,0.75,0.8,0.85,0.05,0.2,0.35,0.55,True,0.019,"[{""cost"": [10, 22], ""time"": 0.006}, {""cost"": [9, 23], ""time"": 0.007}, {""cost"": [9, 22], ""time"": 0.008}, {""cost"": [8, 23], ""time"": 0.009}, {""cost"": [8, 22], ""time"": 0.01}, {""cost"": [7, 23], ""time"": 0.011}, {""cost"": [5, 25], ""time"": 0.013}, {""cost"": [4, 25], ""time"": 0.014}, {""cost"": [3, 24], ""time"": 0.015}, {""cost"": [2, 25], ""time"": 0.016}, {""cost"": [1, 24], ""time"": 0.017}, {""cost"": [0, 25], ""time"": 0.018}]",,,,,,,,,,,,,,,,,,,,OK
layered_paper,layered,paper,0,5,2,11,2,0.275,0.982,500,3,1,many,even,0,1,3654,0,True,23.18,"[{""cost"": 11480, ""time"": 0.008}, {""cost"": 11354, ""time"": 0.009}, {""cost"": 10976, ""time"": 0.009}, {""cost"": 10718, ""time"": 0.01}, {""cost"": 9514, ""time"": 0.011}, {""cost"": 8570, ""time"": 0.011}, {""cost"": 8562, ""time"": 0.012}, {""cost"": 8510, ""time"": 0.012}, {""cost"": 8262, ""time"": 0.013}, {""cost"": 7994, ""time"": 0.013}, {""cost"": 7434, ""time"": 0.014}, {""cost"": 7014, ""time"": 0.014}, {""cost"": 6902, ""time"": 0.015}, {""cost"": 6860, ""time"": 0.015}, {""cost"": 6706, ""time"": 0.016}, {""cost"": 6590, ""time"": 0.016}, {""cost"": 6510, ""time"": 0.017}, {""cost"": 6478, ""time"": 0.018}, {""cost"": 6450, ""time"": 0.018}, {""cost"": 6310, ""time"": 0.019}, {""cost"": 6216, ""time"": 0.02}, {""cost"": 6188, ""time"": 0.02}, {""cost"": 6184, ""time"": 0.021}, {""cost"": 5936, ""time"": 0.021}, {""cost"": 5684, ""time"": 0.022}, {""cost"": 5572, ""time"": 0.022}, {""cost"": 5544, ""time"": 0.023}, {""cost"": 5516, ""time"": 0.023}, {""cost"": 5404, ""time"": 0.024}, {""cost"": 5292, ""time"": 0.024}, {""cost"": 5208, ""time"": 0.025}, {""cost"": 5124, ""time"": 0.026}, {""cost"": 5068, ""time"": 0.027}, {""cost"": 5026, ""time"": 0.027}, {""cost"": 4984, ""time"": 0.028}, {""cost"": 4970, ""time"": 0.029}, {""cost"": 4872, ""time"": 0.029}, {""cost"": 4812, ""time"": 0.03}, {""cost"": 4732, ""time"": 0.031}, {""cost"": 4718, ""time"": 0.032}, {""cost"": 4690, ""time"": 0.032}, {""cost"": 4676, ""time"": 0.033}, {""cost"": 4592, ""time"": 0.034}, {""cost"": 4588, ""time"": 0.042}, {""cost"": 4560, ""time"": 0.043}, {""cost"": 4522, ""time"": 0.044}, {""cost"": 4494, ""time"": 0.045}, {""cost"": 4410, ""time"": 0.047}, {""cost"": 4392, ""time"": 0.086}, {""cost"": 4326, ""time"": 0.107}, {""cost"": 4256, ""time"": 0.155}, {""cost"": 4242, ""time"": 0.156}, {""cost"": 4158, ""time"": 0.157}, {""cost"": 4144, ""time"": 0.158}, {""cost"": 4116, ""time"": 0.174}, {""cost"": 4088, ""time"": 0.175}, {""cost"": 4074, ""time"": 0.242}, {""cost"": 3990, ""time"": 0.243}, {""cost"": 3976, ""time"": 0.576}, {""cost"": 3920, ""time"": 0.578}, {""cost"": 3906, ""time"": 0.625}, {""cost"": 3892, ""time"": 0.627}, {""cost"": 3878, ""time"": 0.641}, {""cost"": 3850, ""time"": 0.644}, {""cost"": 3808, ""time"": 0.857}, {""cost"": 3766, ""time"": 0.94}, {""cost"": 3682, ""time"": 1.405}, {""cost"": 3654, ""time"": 1.406}]",3654,0.7,"(l1,l3,tr2)",0.85,"(l2,l3,tr2,k1)",0.85,"(l2,l3,tr2,k1)",p1,0,4,3654,0,0.7,0.75,0.8,0.85,0.05,0.2,0.35,0.55,True,0.134,"[{""cost"": [15400, 22], ""time"": 0.006}, {""cost"": [14400, 23], ""time"": 0.007}, {""cost"": [13800, 23], ""time"": 0.008}, {""cost"": [12200, 24], ""time"": 0.009}, {""cost"": [11600, 24], ""time"": 0.01}, {""cost"": [10600, 23], ""time"": 0.012}, {""cost"": [9000, 24], ""time"": 0.013}, {""cost"": [8400, 24], ""time"": 0.016}, {""cost"": [7800, 25], ""time"": 0.019}, {""cost"": [6800, 25], ""time"": 0.02}, {""cost"": [6200, 25], ""time"": 0.025}, {""cost"": [5800, 26], ""time"": 0.027}, {""cost"": [5200, 26], ""time"": 0.028}, {""cost"": [4600, 26], ""time"": 0.029}, {""cost"": [4200, 27], ""time"": 0.131}, {""cost"": [3600, 27], ""time"": 0.132}]",,,,,,,,,,,,,,,,,,,,OK
layered_paper,layered,paper,0,5,2,11,2,0.275,0.982,500,3,1,many,full,1,1,3654,0,True,23.18,"[{""cost"": 11480, ""time"": 0.008}, {""cost"": 11354, ""time"": 0.009}, {""cost"": 10976, ""time"": 0.009}, {""cost"": 10718, ""time"": 0.01}, {""cost"": 9514, ""time"": 0.011}, {""cost"": 8570, ""time"": 0.011}, {""cost"": 8562, ""time"": 0.012}, {""cost"": 8510, ""time"": 0.012}, {""cost"": 8262, ""time"": 0.013}, {""cost"": 7994, ""time"": 0.013}, {""cost"": 7434, ""time"": 0.014}, {""cost"": 7014, ""time"": 0.014}, {""cost"": 6902, ""time"": 0.015}, {""cost"": 6860, ""time"": 0.015}, {""cost"": 6706, ""time"": 0.016}, {""cost"": 6590, ""time"": 0.016}, {""cost"": 6510, ""time"": 0.017}, {""cost"": 6478, ""time"": 0.018}, {""cost"": 6450, ""time"": 0.018}, {""cost"": 6310, ""time"": 0.019}, {""cost"": 6216, ""time"": 0.02}, {""cost"": 6188, ""time"": 0.02}, {""cost"": 6184, ""time"": 0.021}, {""cost"": 5936, ""time"": 0.021}, {""cost"": 5684, ""time"": 0.022}, {""cost"": 5572, ""time"": 0.022}, {""cost"": 5544, ""time"": 0.023}, {""cost"": 5516, ""time"": 0.023}, {""cost"": 5404, ""time"": 0.024}, {""cost"": 5292, ""time"": 0.024}, {""cost"": 5208, ""time"": 0.025}, {""cost"": 5124, ""time"": 0.026}, {""cost"": 5068, ""time"": 0.027}, {""cost"": 5026, ""time"": 0.027}, {""cost"": 4984, ""time"": 0.028}, {""cost"": 4970, ""time"": 0.029}, {""cost"": 4872, ""time"": 0.029}, {""cost"": 4812, ""time"": 0.03}, {""cost"": 4732, ""time"": 0.031}, {""cost"": 4718, ""time"": 0.032}, {""cost"": 4690, ""time"": 0.032}, {""cost"": 4676, ""time"": 0.033}, {""cost"": 4592, ""time"": 0.034}, {""cost"": 4588, ""time"": 0.042}, {""cost"": 4560, ""time"": 0.043}, {""cost"": 4522, ""time"": 0.044}, {""cost"": 4494, ""time"": 0.045}, {""cost"": 4410, ""time"": 0.047}, {""cost"": 4392, ""time"": 0.086}, {""cost"": 4326, ""time"": 0.107}, {""cost"": 4256, ""time"": 0.155}, {""cost"": 4242, ""time"": 0.156}, {""cost"": 4158, ""time"": 0.157}, {""cost"": 4144, ""time"": 0.158}, {""cost"": 4116, ""time"": 0.174}, {""cost"": 4088, ""time"": 0.175}, {""cost"": 4074, ""time"": 0.242}, {""cost"": 3990, ""time"": 0.243}, {""cost"": 3976, ""time"": 0.576}, {""cost"": 3920, ""time"": 0.578}, {""cost"": 3906, ""time"": 0.625}, {""cost"": 3892, ""time"": 0.627}, {""cost"": 3878, ""time"": 0.641}, {""cost"": 3850, ""time"": 0.644}, {""cost"": 3808, ""time"": 0.857}, {""cost"": 3766, ""time"": 0.94}, {""cost"": 3682, ""time"": 1.405}, {""cost"": 3654, ""time"": 1.406}]",3654,0.7,"(l1,l3,tr2)",0.85,"(l2,l3,tr2,k1)",0.85,"(l2,l3,tr2,k1)",p1,0,4,3654,0,0.7,0.75,0.8,0.85,0.05,0.2,0.35,0.5,True,0.69,"[{""cost"": [15410, 22], ""time"": 0.006}, {""cost"": [14409, 23], ""time"": 0.007}, {""cost"": [13809, 23], ""time"": 0.008}, {""cost"": [13210, 24], ""time"": 0.009}, {""cost"": [12209, 24], ""time"": 0.01}, {""cost"": [11608, 24], ""time"": 0.011}, {""cost"": [10607, 24], ""time"": 0.012}, {""cost"": [10603, 23], ""time"": 0.014}, {""cost"": [10005, 24], ""time"": 0.016}, {""cost"": [10004, 24], ""time"": 0.021}, {""cost"": [9003, 24], ""time"": 0.022}, {""cost"": [8403, 24], ""time"": 0.072}, {""cost"": [8402, 24], ""time"": 0.13}, {""cost"": [7804, 25], ""time"": 0.266}, {""cost"": [7401, 25], ""time"": 0.267}, {""cost"": [6802, 25], ""time"": 0.269}, {""cost"": [5801, 26], ""time"": 0.643}, {""cost"": [5201, 26], ""time"": 0.678}, {""cost"": [4601, 26], ""time"": 0.679}, {""cost"": [3600, 27], ""time"": 0.688}]",,,,,,,,,,,,,,,,,,,,OK
layered_paper,layered,paper,0,5,2,11,2,0.275,0.982,700,3,1,many,baseline,0,0,3654,0,True,15.99,"[{""cost"": 12880, ""time"": 0.007}, {""cost"": 12754, ""time"": 0.008}, {""cost"": 12376, ""time"": 0.008}, {""cost"": 10724, ""time"": 0.009}, {""cost"": 10248, ""time"": 0.01}, {""cost"": 10108, ""time"": 0.01}, {""cost"": 9940, ""time"": 0.011}, {""cost"": 9072, ""time"": 0.011}, {""cost"": 7952, ""time"": 0.011}, {""cost"": 7658, ""time"": 0.013}, {""cost"": 7532, ""time"": 0.013}, {""cost"": 7420, ""time"": 0.014}, {""cost"": 6832, ""time"": 0.014}, {""cost"": 6076, ""time"": 0.015}, {""cost"": 5964, ""time"": 0.015}, {""cost"": 5376, ""time"": 0.015}, {""cost"": 4956, ""time"": 0.016}, {""cost"": 4676, ""time"": 0.016}, {""cost"": 4424, ""time"": 0.017}, {""cost"": 4396, ""time"": 0.023}, {""cost"": 4368, ""time"": 0.025}, {""cost"": 4354, ""time"": 0.045}, {""cost"": 4326, ""time"": 0.046}, {""cost"": 4228, ""time"": 0.047}, {""cost"": 4214, ""time"": 0.054}, {""cost"": 4186, ""time"": 0.067}, {""cost"": 4130, ""time"": 0.067}, {""cost"": 4074, ""time"": 0.112}, {""cost"": 4060, ""time"": 0.202}, {""cost"": 3948, ""time"": 0.203}, {""cost"": 3906, ""time"": 0.431}, {""cost"": 3850, ""time"": 0.442}, {""cost"": 3794, ""time"": 0.445}, {""cost"": 3780, ""time"": 0.77}, {""cost"": 3752, ""time"": 0.787}, {""cost"": 3682, ""time"": 2.322}, {""cost"": 3668, ""time"": 2.753}, {""cost"": 3654, ""time"": 5.753}]",3654,0.7,"(l1,l4,tr2)",0.75,"(l1,l3,tr2,k2)",0.75,"(l1,l3,tr2,k2)",p2,9,19,3108,546,0.7,0.7,0.7,0.75,0.0,0.0,0.1,0.25,True,0.01,"[{""cost"": [25], ""time"": 0.006}, {""cost"": [24], ""time"": 0.007}]",,,,,,,,,,,,,,,,,,,,OK
layered_paper,layered,paper,0,5,2,11,2,0.275,0.982,700,3,1,many,mixed,1,0,3654,0,True,15.99,"[{""cost"": 12880, ""time"": 0.007}, {""cost"": 12754, ""time"": 0.008}, {""cost"": 12376, ""time"": 0.008}, {""cost"": 10724, ""time"": 0.009}, {""cost"": 10248, ""time"": 0.01}, {""cost"": 10108, ""time"": 0.01}, {""cost"": 9940, ""time"": 0.011}, {""cost"": 9072, ""time"": 0.011}, {""cost"": 7952, ""time"": 0.011}, {""cost"": 7658, ""time"": 0.013}, {""cost"": 7532, ""time"": 0.013}, {""cost"": 7420, ""time"": 0.014}, {""cost"": 6832, ""time"": 0.014}, {""cost"": 6076, ""time"": 0.015}, {""cost"": 5964, ""time"": 0.015}, {""cost"": 5376, ""time"": 0.015}, {""cost"": 4956, ""time"": 0.016}, {""cost"": 4676, ""time"": 0.016}, {""cost"": 4424, ""time"": 0.017}, {""cost"": 4396, ""time"": 0.023}, {""cost"": 4368, ""time"": 0.025}, {""cost"": 4354, ""time"": 0.045}, {""cost"": 4326, ""time"": 0.046}, {""cost"": 4228, ""time"": 0.047}, {""cost"": 4214, ""time"": 0.054}, {""cost"": 4186, ""time"": 0.067}, {""cost"": 4130, ""time"": 0.067}, {""cost"": 4074, ""time"": 0.112}, {""cost"": 4060, ""time"": 0.202}, {""cost"": 3948, ""time"": 0.203}, {""cost"": 3906, ""time"": 0.431}, {""cost"": 3850, ""time"": 0.442}, {""cost"": 3794, ""time"": 0.445}, {""cost"": 3780, ""time"": 0.77}, {""cost"": 3752, ""time"": 0.787}, {""cost"": 3682, ""time"": 2.322}, {""cost"": 3668, ""time"": 2.753}, {""cost"": 3654, ""time"": 5.753}]",3654,0.7,"(l1,l4,tr2)",0.85,"(l2,l3,tr2,k2)",0.85,"(l2,l3,tr2,k2)",p1,0,15,3276,378,0.7,0.7,0.8,0.85,0.05,0.2,0.35,0.5,True,0.031,"[{""cost"": [11, 25], ""time"": 0.006}, {""cost"": [10, 25], ""time"": 0.007}, {""cost"": [9, 25], ""time"": 0.008}, {""cost"": [8, 25], ""time"": 0.009}, {""cost"": [8, 24], ""time"": 0.01}, {""cost"": [7, 24], ""time"": 0.011}, {""cost"": [6, 24], ""time"": 0.013}, {""cost"": [5, 25], ""time"": 0.014}, {""cost"": [5, 24], ""time"": 0.015}, {""cost"": [4, 24], ""time"": 0.016}, {""cost"": [3, 25], ""time"": 0.018}, {""cost"": [3, 24], ""time"": 0.019}, {""cost"": [2, 24], ""time"": 0.02}, {""cost"": [1, 25], ""time"": 0.021}, {""cost"": [0, 26], ""time"": 0.031}]",,,,,,,,,,,,,,,,,,,,OK
layered_paper,layered,paper,0,5,2,11,2,0.275,0.982,700,3,1,many,even,0,1,3654,0,True,15.99,"[{""cost"": 12880, ""time"": 0.007}, {""cost"": 12754, ""time"": 0.008}, {""cost"": 12376, ""time"": 0.008}, {""cost"": 10724, ""time"": 0.009}, {""cost"": 10248, ""time"": 0.01}, {""cost"": 10108, ""time"": 0.01}, {""cost"": 9940, ""time"": 0.011}, {""cost"": 9072, ""time"": 0.011}, {""cost"": 7952, ""time"": 0.011}, {""cost"": 7658, ""time"": 0.013}, {""cost"": 7532, ""time"": 0.013}, {""cost"": 7420, ""time"": 0.014}, {""cost"": 6832, ""time"": 0.014}, {""cost"": 6076, ""time"": 0.015}, {""cost"": 5964, ""time"": 0.015}, {""cost"": 5376, ""time"": 0.015}, {""cost"": 4956, ""time"": 0.016}, {""cost"": 4676, ""time"": 0.016}, {""cost"": 4424, ""time"": 0.017}, {""cost"": 4396, ""time"": 0.023}, {""cost"": 4368, ""time"": 0.025}, {""cost"": 4354, ""time"": 0.045}, {""cost"": 4326, ""time"": 0.046}, {""cost"": 4228, ""time"": 0.047}, {""cost"": 4214, ""time"": 0.054}, {""cost"": 4186, ""time"": 0.067}, {""cost"": 4130, ""time"": 0.067}, {""cost"": 4074, ""time"": 0.112}, {""cost"": 4060, ""time"": 0.202}, {""cost"": 3948, ""time"": 0.203}, {""cost"": 3906, ""time"": 0.431}, {""cost"": 3850, ""time"": 0.442}, {""cost"": 3794, ""time"": 0.445}, {""cost"": 3780, ""time"": 0.77}, {""cost"": 3752, ""time"": 0.787}, {""cost"": 3682, ""time"": 2.322}, {""cost"": 3668, ""time"": 2.753}, {""cost"": 3654, ""time"": 5.753}]",3654,0.7,"(l1,l4,tr2)",0.8,"(l1,l3,tr2,k2)",0.8,"(l1,l3,tr2,k2)",p2,4,6,3654,0,0.7,0.75,0.75,0.8,0.05,0.15,0.35,0.45,True,5.251,"[{""cost"": [12800, 25], ""time"": 0.006}, {""cost"": [12400, 25], ""time"": 0.007}, {""cost"": [11800, 25], ""time"": 0.008}, {""cost"": [11200, 25], ""time"": 0.009}, {""cost"": [10800, 25], ""time"": 0.011}, {""cost"": [10200, 25], ""time"": 0.012}, {""cost"": [9600, 26], ""time"": 2.955}, {""cost"": [9200, 26], ""time"": 3.018}, {""cost"": [8600, 26], ""time"": 3.419}, {""cost"": [8000, 26], ""time"": 3.42}, {""cost"": [7600, 27], ""time"": 3.468}, {""cost"": [7000, 27], ""time"": 3.469}, {""cost"": [6400, 27], ""time"": 5.17}, {""cost"": [5800, 27], ""time"": 5.171}, {""cost"": [5400, 28], ""time"": 5.18}, {""cost"": [4800, 28], ""time"": 5.181}]",,,,,,,,,,,,,,,,,,,,OK
layered_paper,layered,paper,0,5,2,11,2,0.275,0.982,700,3,1,many,full,1,1,3654,0,True,15.99,"[{""cost"": 12880, ""time"": 0.007}, {""cost"": 12754, ""time"": 0.008}, {""cost"": 12376, ""time"": 0.008}, {""cost"": 10724, ""time"": 0.009}, {""cost"": 10248, ""time"": 0.01}, {""cost"": 10108, ""time"": 0.01}, {""cost"": 9940, ""time"": 0.011}, {""cost"": 9072, ""time"": 0.011}, {""cost"": 7952, ""time"": 0.011}, {""cost"": 7658, ""time"": 0.013}, {""cost"": 7532, ""time"": 0.013}, {""cost"": 7420, ""time"": 0.014}, {""cost"": 6832, ""time"": 0.014}, {""cost"": 6076, ""time"": 0.015}, {""cost"": 5964, ""time"": 0.015}, {""cost"": 5376, ""time"": 0.015}, {""cost"": 4956, ""time"": 0.016}, {""cost"": 4676, ""time"": 0.016}, {""cost"": 4424, ""time"": 0.017}, {""cost"": 4396, ""time"": 0.023}, {""cost"": 4368, ""time"": 0.025}, {""cost"": 4354, ""time"": 0.045}, {""cost"": 4326, ""time"": 0.046}, {""cost"": 4228, ""time"": 0.047}, {""cost"": 4214, ""time"": 0.054}, {""cost"": 4186, ""time"": 0.067}, {""cost"": 4130, ""time"": 0.067}, {""cost"": 4074, ""time"": 0.112}, {""cost"": 4060, ""time"": 0.202}, {""cost"": 3948, ""time"": 0.203}, {""cost"": 3906, ""time"": 0.431}, {""cost"": 3850, ""time"": 0.442}, {""cost"": 3794, ""time"": 0.445}, {""cost"": 3780, ""time"": 0.77}, {""cost"": 3752, ""time"": 0.787}, {""cost"": 3682, ""time"": 2.322}, {""cost"": 3668, ""time"": 2.753}, {""cost"": 3654, ""time"": 5.753}]",3654,0.7,"(l1,l4,tr2)",0.85,"(l1,l3,tr2,k1)",0.85,"(l1,l3,tr2,k1)",p2,2,6,3654,0,0.7,0.75,0.8,0.85,0.05,0.15,0.35,0.45,True,4.126,"[{""cost"": [12811, 25], ""time"": 0.006}, {""cost"": [12810, 25], ""time"": 0.007}, {""cost"": [12809, 25], ""time"": 0.008}, {""cost"": [12409, 25], ""time"": 0.009}, {""cost"": [11809, 25], ""time"": 0.01}, {""cost"": [11209, 25], ""time"": 0.012}, {""cost"": [10205, 26], ""time"": 0.013}, {""cost"": [9605, 26], ""time"": 0.014}, {""cost"": [9006, 26], ""time"": 0.016}, {""cost"": [9005, 26], ""time"": 0.017}, {""cost"": [8005, 26], ""time"": 0.018}, {""cost"": [8004, 26], ""time"": 0.08}, {""cost"": [7603, 27], ""time"": 1.77}, {""cost"": [7003, 27], ""time"": 1.771}, {""cost"": [6403, 27], ""time"": 3.812}, {""cost"": [5803, 27], ""time"": 3.813}, {""cost"": [5402, 28], ""time"": 3.906}, {""cost"": [4802, 28], ""time"": 3.908}]",,,,,,,,,,,,,,,,,,,,OK
layered_paper,layered,paper,0,5,2,11,2,0.275,0.982,1000,3,1,many,baseline,0,0,3654,0,True,12.096,"[{""cost"": 14980, ""time"": 0.007}, {""cost"": 14854, ""time"": 0.007}, {""cost"": 14476, ""time"": 0.007}, {""cost"": 10616, ""time"": 0.009}, {""cost"": 8840, ""time"": 0.009}, {""cost"": 8672, ""time"": 0.009}, {""cost"": 8616, ""time"": 0.01}, {""cost"": 7644, ""time"": 0.01}, {""cost"": 7574, ""time"": 0.012}, {""cost"": 7370, ""time"": 0.012}, {""cost"": 7146, ""time"": 0.012}, {""cost"": 6258, ""time"": 0.013}, {""cost"": 5530, ""time"": 0.013}, {""cost"": 5494, ""time"": 0.014}, {""cost"": 4802, ""time"": 0.015}, {""cost"": 4788, ""time"": 0.016}, {""cost"": 4676, ""time"": 0.017}, {""cost"": 4662, ""time"": 0.027}, {""cost"": 4592, ""time"": 0.031}, {""cost"": 4550, ""time"": 0.033}, {""cost"": 4494, ""time"": 0.033}, {""cost"": 4424, ""time"": 0.038}, {""cost"": 4368, ""time"": 0.048}, {""cost"": 4340, ""time"": 0.05}, {""cost"": 4256, ""time"": 0.052}, {""cost"": 4214, ""time"": 0.067}, {""cost"": 4130, ""time"": 0.099}, {""cost"": 4116, ""time"": 0.1}, {""cost"": 4004, ""time"": 0.101}, {""cost"": 3948, ""time"": 0.102}, {""cost"": 3934, ""time"": 0.143}, {""cost"": 3906, ""time"": 0.144}, {""cost"": 3878, ""time"": 0.22}, {""cost"": 3864, ""time"": 0.365}, {""cost"": 3780, ""time"": 0.472}, {""cost"": 3752, ""time"": 1.324}, {""cost"": 3738, ""time"": 3.735}, {""cost"": 3682, ""time"": 3.736}, {""cost"": 3668, ""time"": 5.908}, {""cost"": 3654, ""time"": 5.916}]",3654,0.7,"(l1,l4,tr2)",0.75,"(l1,l3,tr2,k2)",0.75,"(l1,l3,tr2,k2)",p2,9,19,3108,546,0.7,0.7,0.7,0.75,0.0,0.0,0.1,0.25,True,0.01,"[{""cost"": [25], ""time"": 0.006}, {""cost"": [24], ""time"": 0.007}]",,,,,,,,,,,,,,,,,,,,OK
layered_paper,layered,paper,0,5,2,11,2,0.275,0.982,1000,3,1,many,mixed,1,0,3654,0,True,12.096,"[{""cost"": 14980, ""time"": 0.007}, {""cost"": 14854, ""time"": 0.007}, {""cost"": 14476, ""time"": 0.007}, {""cost"": 10616, ""time"": 0.009}, {""cost"": 8840, ""time"": 0.009}, {""cost"": 8672, ""time"": 0.009}, {""cost"": 8616, ""time"": 0.01}, {""cost"": 7644, ""time"": 0.01}, {""cost"": 7574, ""time"": 0.012}, {""cost"": 7370, ""time"": 0.012}, {""cost"": 7146, ""time"": 0.012}, {""cost"": 6258, ""time"": 0.013}, {""cost"": 5530, ""time"": 0.013}, {""cost"": 5494, ""time"": 0.014}, {""cost"": 4802, ""time"": 0.015}, {""cost"": 4788, ""time"": 0.016}, {""cost"": 4676, ""time"": 0.017}, {""cost"": 4662, ""time"": 0.027}, {""cost"": 4592, ""time"": 0.031}, {""cost"": 4550, ""time"": 0.033}, {""cost"": 4494, ""time"": 0.033}, {""cost"": 4424, ""time"": 0.038}, {""cost"": 4368, ""time"": 0.048}, {""cost"": 4340, ""time"": 0.05}, {""cost"": 4256, ""time"": 0.052}, {""cost"": 4214, ""time"": 0.067}, {""cost"": 4130, ""time"": 0.099}, {""cost"": 4116, ""time"": 0.1}, {""cost"": 4004, ""time"": 0.101}, {""cost"": 3948, ""time"": 0.102}, {""cost"": 3934, ""time"": 0.143}, {""cost"": 3906, ""time"": 0.144}, {""cost"": 3878, ""time"": 0.22}, {""cost"": 3864, ""time"": 0.365}, {""cost"": 3780, ""time"": 0.472}, {""cost"": 3752, ""time"": 1.324}, {""cost"": 3738, ""time"": 3.735}, {""cost"": 3682, ""time"": 3.736}, {""cost"": 3668, ""time"": 5.908}, {""cost"": 3654, ""time"": 5.916}]",3654,0.7,"(l1,l4,tr2)",0.85,"(l2,l3,tr2,k2)",0.85,"(l2,l3,tr2,k2)",p1,0,15,3276,378,0.7,0.7,0.8,0.85,0.05,0.2,0.35,0.5,True,0.037,"[{""cost"": [11, 25], ""time"": 0.008}, {""cost"": [10, 25], ""time"": 0.009}, {""cost"": [9, 25], ""time"": 0.01}, {""cost"": [8, 25], ""time"": 0.012}, {""cost"": [8, 24], ""time"": 0.013}, {""cost"": [7, 24], ""time"": 0.015}, {""cost"": [6, 24], ""time"": 0.017}, {""cost"": [5, 25], ""time"": 0.02}, {""cost"": [5, 24], ""time"": 0.021}, {""cost"": [4, 24], ""time"": 0.022}, {""cost"": [3, 25], ""time"": 0.024}, {""cost"": [3, 24], ""time"": 0.025}, {""cost"": [2, 24], ""time"": 0.026}, {""cost"": [1, 25], ""time"": 0.028}, {""cost"": [0, 26], ""time"": 0.037}]",,,,,,,,,,,,,,,,,,,,OK
layered_paper,layered,paper,0,5,2,11,2,0.275,0.982,1000,3,1,many,even,0,1,3654,0,True,12.096,"[{""cost"": 14980, ""time"": 0.007}, {""cost"": 14854, ""time"": 0.007}, {""cost"": 14476, ""time"": 0.007}, {""cost"": 10616, ""time"": 0.009}, {""cost"": 8840, ""time"": 0.009}, {""cost"": 8672, ""time"": 0.009}, {""cost"": 8616, ""time"": 0.01}, {""cost"": 7644, ""time"": 0.01}, {""cost"": 7574, ""time"": 0.012}, {""cost"": 7370, ""time"": 0.012}, {""cost"": 7146, ""time"": 0.012}, {""cost"": 6258, ""time"": 0.013}, {""cost"": 5530, ""time"": 0.013}, {""cost"": 5494, ""time"": 0.014}, {""cost"": 4802, ""time"": 0.015}, {""cost"": 4788, ""time"": 0.016}, {""cost"": 4676, ""time"": 0.017}, {""cost"": 4662, ""time"": 0.027}, {""cost"": 4592, ""time"": 0.031}, {""cost"": 4550, ""time"": 0.033}, {""cost"": 4494, ""time"": 0.033}, {""cost"": 4424, ""time"": 0.038}, {""cost"": 4368, ""time"": 0.048}, {""cost"": 4340, ""time"": 0.05}, {""cost"": 4256, ""time"": 0.052}, {""cost"": 4214, ""time"": 0.067}, {""cost"": 4130, ""time"": 0.099}, {""cost"": 4116, ""time"": 0.1}, {""cost"": 4004, ""time"": 0.101}, {""cost"": 3948, ""time"": 0.102}, {""cost"": 3934, ""time"": 0.143}, {""cost"": 3906, ""time"": 0.144}, {""cost"": 3878, ""time"": 0.22}, {""cost"": 3864, ""time"": 0.365}, {""cost"": 3780, ""time"": 0.472}, {""cost"": 3752, ""time"": 1.324}, {""cost"": 3738, ""time"": 3.735}, {""cost"": 3682, ""time"": 3.736}, {""cost"": 3668, ""time"": 5.908}, {""cost"": 3654, ""time"": 5.916}]",3654,0.7,"(l1,l4,tr2)",0.8,"(l1,l3,tr2,k2)",0.8,"(l1,l3,tr2,k2)",p2,4,6,3654,0,0.7,0.75,0.75,0.8,0.05,0.15,0.35,0.45,True,5.28,"[{""cost"": [12800, 25], ""time"": 0.006}, {""cost"": [12400, 25], ""time"": 0.007}, {""cost"": [11800, 25], ""time"": 0.008}, {""cost"": [11200, 25], ""time"": 0.009}, {""cost"": [10800, 25], ""time"": 0.011}, {""cost"": [10200, 25], ""time"": 0.012}, {""cost"": [9600, 26], ""time"": 2.88}, {""cost"": [9200, 26], ""time"": 2.943}, {""cost"": [8600, 26], ""time"": 3.356}, {""cost"": [8000, 26], ""time"": 3.357}, {""cost"": [7600, 27], ""time"": 3.406}, {""cost"": [7000, 27], ""time"": 3.408}, {""cost"": [6400, 27], ""time"": 5.201}, {""cost"": [5800, 27], ""time"": 5.202}, {""cost"": [5400, 28], ""time"": 5.21}, {""cost"": [4800, 28], ""time"": 5.212}]",,,,,,,,,,,,,,,,,,,,OK
layered_paper,layered,paper,0,5,2,11,2,0.275,0.982,1000,3,1,many,full,1,1,3654,0,True,12.096,"[{""cost"": 14980, ""time"": 0.007}, {""cost"": 14854, ""time"": 0.007}, {""cost"": 14476, ""time"": 0.007}, {""cost"": 10616, ""time"": 0.009}, {""cost"": 8840, ""time"": 0.009}, {""cost"": 8672, ""time"": 0.009}, {""cost"": 8616, ""time"": 0.01}, {""cost"": 7644, ""time"": 0.01}, {""cost"": 7574, ""time"": 0.012}, {""cost"": 7370, ""time"": 0.012}, {""cost"": 7146, ""time"": 0.012}, {""cost"": 6258, ""time"": 0.013}, {""cost"": 5530, ""time"": 0.013}, {""cost"": 5494, ""time"": 0.014}, {""cost"": 4802, ""time"": 0.015}, {""cost"": 4788, ""time"": 0.016}, {""cost"": 4676, ""time"": 0.017}, {""cost"": 4662, ""time"": 0.027}, {""cost"": 4592, ""time"": 0.031}, {""cost"": 4550, ""time"": 0.033}, {""cost"": 4494, ""time"": 0.033}, {""cost"": 4424, ""time"": 0.038}, {""cost"": 4368, ""time"": 0.048}, {""cost"": 4340, ""time"": 0.05}, {""cost"": 4256, ""time"": 0.052}, {""cost"": 4214, ""time"": 0.067}, {""cost"": 4130, ""time"": 0.099}, {""cost"": 4116, ""time"": 0.1}, {""cost"": 4004, ""time"": 0.101}, {""cost"": 3948, ""time"": 0.102}, {""cost"": 3934, ""time"": 0.143}, {""cost"": 3906, ""time"": 0.144}, {""cost"": 3878, ""time"": 0.22}, {""cost"": 3864, ""time"": 0.365}, {""cost"": 3780, ""time"": 0.472}, {""cost"": 3752, ""time"": 1.324}, {""cost"": 3738, ""time"": 3.735}, {""cost"": 3682, ""time"": 3.736}, {""cost"": 3668, ""time"": 5.908}, {""cost"": 3654, ""time"": 5.916}]",3654,0.7,"(l1,l4,tr2)",0.85,"(l1,l3,tr2,k1)",0.85,"(l1,l3,tr2,k1)",p2,2,6,3654,0,0.7,0.75,0.8,0.85,0.05,0.15,0.35,0.45,True,4.248,"[{""cost"": [12811, 25], ""time"": 0.006}, {""cost"": [12810, 25], ""time"": 0.007}, {""cost"": [12809, 25], ""time"": 0.008}, {""cost"": [12409, 25], ""time"": 0.009}, {""cost"": [11809, 25], ""time"": 0.01}, {""cost"": [11209, 25], ""time"": 0.012}, {""cost"": [10205, 26], ""time"": 0.013}, {""cost"": [9605, 26], ""time"": 0.014}, {""cost"": [9006, 26], ""time"": 0.015}, {""cost"": [9005, 26], ""time"": 0.017}, {""cost"": [8005, 26], ""time"": 0.018}, {""cost"": [8004, 26], ""time"": 0.072}, {""cost"": [7603, 27], ""time"": 1.765}, {""cost"": [7003, 27], ""time"": 1.767}, {""cost"": [6403, 27], ""time"": 3.936}, {""cost"": [5803, 27], ""time"": 3.937}, {""cost"": [5402, 28], ""time"": 4.029}, {""cost"": [4802, 28], ""time"": 4.03}]",,,,,,,,,,,,,,,,,,,,OK
layered_paper,layered,paper,0,5,2,11,2,0.275,0.982,1500,3,1,many,baseline,0,0,3654,0,True,8.123,"[{""cost"": 18480, ""time"": 0.007}, {""cost"": 18354, ""time"": 0.007}, {""cost"": 17976, ""time"": 0.007}, {""cost"": 17902, ""time"": 0.009}, {""cost"": 17844, ""time"": 0.009}, {""cost"": 17592, ""time"": 0.009}, {""cost"": 17212, ""time"": 0.01}, {""cost"": 16920, ""time"": 0.01}, {""cost"": 16696, ""time"": 0.011}, {""cost"": 16456, ""time"": 0.011}, {""cost"": 16444, ""time"": 0.011}, {""cost"": 16388, ""time"": 0.012}, {""cost"": 16346, ""time"": 0.012}, {""cost"": 15140, ""time"": 0.012}, {""cost"": 14972, ""time"": 0.013}, {""cost"": 14902, ""time"": 0.013}, {""cost"": 14846, ""time"": 0.014}, {""cost"": 14776, ""time"": 0.014}, {""cost"": 14720, ""time"": 0.014}, {""cost"": 14678, ""time"": 0.015}, {""cost"": 14608, ""time"": 0.015}, {""cost"": 14552, ""time"": 0.015}, {""cost"": 14524, ""time"": 0.016}, {""cost"": 13768, ""time"": 0.016}, {""cost"": 13600, ""time"": 0.017}, {""cost"": 12268, ""time"": 0.017}, {""cost"": 10488, ""time"": 0.018}, {""cost"": 10404, ""time"": 0.018}, {""cost"": 9380, ""time"": 0.018}, {""cost"": 9268, ""time"": 0.019}, {""cost"": 8820, ""time"": 0.019}, {""cost"": 8540, ""time"": 0.02}, {""cost"": 8444, ""time"": 0.02}, {""cost"": 8164, ""time"": 0.021}, {""cost"": 7072, ""time"": 0.021}, {""cost"": 6820, ""time"": 0.022}, {""cost"": 6736, ""time"": 0.022}, {""cost"": 6720, ""time"": 0.023}, {""cost"": 6692, ""time"": 0.024}, {""cost"": 5964, ""time"": 0.025}, {""cost"": 5516, ""time"": 0.025}, {""cost"": 5404, ""time"": 0.025}, {""cost"": 5264, ""time"": 0.026}, {""cost"": 5096, ""time"": 0.027}, {""cost"": 5082, ""time"": 0.027}, {""cost"": 5026, ""time"": 0.028}, {""cost"": 4914, ""time"": 0.028}, {""cost"": 4466, ""time"": 0.029}, {""cost"": 4438, ""time"": 0.03}, {""cost"": 4368, ""time"": 0.03}, {""cost"": 4312, ""time"": 0.038}, {""cost"": 4284, ""time"": 0.064}, {""cost"": 4270, ""time"": 0.065}, {""cost"": 4242, ""time"": 0.066}, {""cost"": 4228, ""time"": 0.074}, {""cost"": 4214, ""time"": 0.075}, {""cost"": 4186, ""time"": 0.076}, {""cost"": 4088, ""time"": 0.083}, {""cost"": 4060, ""time"": 0.108}, {""cost"": 4046, ""time"": 0.168}, {""cost"": 4018, ""time"": 0.208}, {""cost"": 3990, ""time"": 0.233}, {""cost"": 3892, ""time"": 0.322}, {""cost"": 3878, ""time"": 0.328}, {""cost"": 3822, ""time"": 0.329}, {""cost"": 3808, ""time"": 0.911}, {""cost"": 3780, ""time"": 0.913}, {""cost"": 3738, ""time"": 0.989}, {""cost"": 3654, ""time"": 0.989}]",3654,0.7,"(l1,l4,tr2)",0.75,"(l1,l3,tr2,k2)",0.75,"(l1,l3,tr2,k2)",p2,9,19,3108,546,0.7,0.7,0.7,0.75,0.0,0.0,0.1,0.25,True,0.009,"[{""cost"": [25], ""time"": 0.006}, {""cost"": [24], ""time"": 0.007}]",,,,,,,,,,,,,,,,,,,,OK
layered_paper,layered,paper,0,5,2,11,2,0.275,0.982,1500,3,1,many,mixed,1,0,3654,0,True,8.123,"[{""cost"": 18480, ""time"": 0.007}, {""cost"": 18354, ""time"": 0.007}, {""cost"": 17976, ""time"": 0.007}, {""cost"": 17902, ""time"": 0.009}, {""cost"": 17844, ""time"": 0.009}, {""cost"": 17592, ""time"": 0.009}, {""cost"": 17212, ""time"": 0.01}, {""cost"": 16920, ""time"": 0.01}, {""cost"": 16696, ""time"": 0.011}, {""cost"": 16456, ""time"": 0.011}, {""cost"": 16444, ""time"": 0.011}, {""cost"": 16388, ""time"": 0.012}, {""cost"": 16346, ""time"": 0.012}, {""cost"": 15140, ""time"": 0.012}, {""cost"": 14972, ""time"": 0.013}, {""cost"": 14902, ""time"": 0.013}, {""cost"": 14846, ""time"": 0.014}, {""cost"": 14776, ""time"": 0.014}, {""cost"": 14720, ""time"": 0.014}, {""cost"": 14678, ""time"": 0.015}, {""cost"": 14608, ""time"": 0.015}, {""cost"": 14552, ""time"": 0.015}, {""cost"": 14524, ""time"": 0.016}, {""cost"": 13768, ""time"": 0.016}, {""cost"": 13600, ""time"": 0.017}, {""cost"": 12268, ""time"": 0.017}, {""cost"": 10488, ""time"": 0.018}, {""cost"": 10404, ""time"": 0.018}, {""cost"": 9380, ""time"": 0.018}, {""cost"": 9268, ""time"": 0.019}, {""cost"": 8820, ""time"": 0.019}, {""cost"": 8540, ""time"": 0.02}, {""cost"": 8444, ""time"": 0.02}, {""cost"": 8164, ""time"": 0.021}, {""cost"": 7072, ""time"": 0.021}, {""cost"": 6820, ""time"": 0.022}, {""cost"": 6736, ""time"": 0.022}, {""cost"": 6720, ""time"": 0.023}, {""cost"": 6692, ""time"": 0.024}, {""cost"": 5964, ""time"": 0.025}, {""cost"": 5516, ""time"": 0.025}, {""cost"": 5404, ""time"": 0.025}, {""cost"": 5264, ""time"": 0.026}, {""cost"": 5096, ""time"": 0.027}, {""cost"": 5082, ""time"": 0.027}, {""cost"": 5026, ""time"": 0.028}, {""cost"": 4914, ""time"": 0.028}, {""cost"": 4466, ""time"": 0.029}, {""cost"": 4438, ""time"": 0.03}, {""cost"": 4368, ""time"": 0.03}, {""cost"": 4312, ""time"": 0.038}, {""cost"": 4284, ""time"": 0.064}, {""cost"": 4270, ""time"": 0.065}, {""cost"": 4242, ""time"": 0.066}, {""cost"": 4228, ""time"": 0.074}, {""cost"": 4214, ""time"": 0.075}, {""cost"": 4186, ""time"": 0.076}, {""cost"": 4088, ""time"": 0.083}, {""cost"": 4060, ""time"": 0.108}, {""cost"": 4046, ""time"": 0.168}, {""cost"": 4018, ""time"": 0.208}, {""cost"": 3990, ""time"": 0.233}, {""cost"": 3892, ""time"": 0.322}, {""cost"": 3878, ""time"": 0.328}, {""cost"": 3822, ""time"": 0.329}, {""cost"": 3808, ""time"": 0.911}, {""cost"": 3780, ""time"": 0.913}, {""cost"": 3738, ""time"": 0.989}, {""cost"": 3654, ""time"": 0.989}]",3654,0.7,"(l1,l4,tr2)",0.85,"(l2,l3,tr2,k2)",0.85,"(l2,l3,tr2,k2)",p1,0,15,3276,378,0.7,0.7,0.8,0.85,0.05,0.2,0.35,0.5,True,0.034,"[{""cost"": [11, 25], ""time"": 0.006}, {""cost"": [10, 25], ""time"": 0.007}, {""cost"": [9, 25], ""time"": 0.008}, {""cost"": [8, 25], ""time"": 0.01}, {""cost"": [8, 24], ""time"": 0.011}, {""cost"": [7, 24], ""time"": 0.012}, {""cost"": [6, 24], ""time"": 0.013}, {""cost"": [5, 25], ""time"": 0.014}, {""cost"": [5, 24], ""time"": 0.016}, {""cost"": [4, 24], ""time"": 0.017}, {""cost"": [3, 25], ""time"": 0.018}, {""cost"": [3, 24], ""time"": 0.02}, {""cost"": [2, 24], ""time"": 0.021}, {""cost"": [1, 25], ""time"": 0.022}, {""cost"": [0, 26], ""time"": 0.033}]",,,,,,,,,,,,,,,,,,,,OK
layered_paper,layered,paper,0,5,2,11,2,0.275,0.982,1500,3,1,many,even,0,1,3654,0,True,8.123,"[{""cost"": 18480, ""time"": 0.007}, {""cost"": 18354, ""time"": 0.007}, {""cost"": 17976, ""time"": 0.007}, {""cost"": 17902, ""time"": 0.009}, {""cost"": 17844, ""time"": 0.009}, {""cost"": 17592, ""time"": 0.009}, {""cost"": 17212, ""time"": 0.01}, {""cost"": 16920, ""time"": 0.01}, {""cost"": 16696, ""time"": 0.011}, {""cost"": 16456, ""time"": 0.011}, {""cost"": 16444, ""time"": 0.011}, {""cost"": 16388, ""time"": 0.012}, {""cost"": 16346, ""time"": 0.012}, {""cost"": 15140, ""time"": 0.012}, {""cost"": 14972, ""time"": 0.013}, {""cost"": 14902, ""time"": 0.013}, {""cost"": 14846, ""time"": 0.014}, {""cost"": 14776, ""time"": 0.014}, {""cost"": 14720, ""time"": 0.014}, {""cost"": 14678, ""time"": 0.015}, {""cost"": 14608, ""time"": 0.015}, {""cost"": 14552, ""time"": 0.015}, {""cost"": 14524, ""time"": 0.016}, {""cost"": 13768, ""time"": 0.016}, {""cost"": 13600, ""time"": 0.017}, {""cost"": 12268, ""time"": 0.017}, {""cost"": 10488, ""time"": 0.018}, {""cost"": 10404, ""time"": 0.018}, {""cost"": 9380, ""time"": 0.018}, {""cost"": 9268, ""time"": 0.019}, {""cost"": 8820, ""time"": 0.019}, {""cost"": 8540, ""time"": 0.02}, {""cost"": 8444, ""time"": 0.02}, {""cost"": 8164, ""time"": 0.021}, {""cost"": 7072, ""time"": 0.021}, {""cost"": 6820, ""time"": 0.022}, {""cost"": 6736, ""time"": 0.022}, {""cost"": 6720, ""time"": 0.023}, {""cost"": 6692, ""time"": 0.024}, {""cost"": 5964, ""time"": 0.025}, {""cost"": 5516, ""time"": 0.025}, {""cost"": 5404, ""time"": 0.025}, {""cost"": 5264, ""time"": 0.026}, {""cost"": 5096, ""time"": 0.027}, {""cost"": 5082, ""time"": 0.027}, {""cost"": 5026, ""time"": 0.028}, {""cost"": 4914, ""time"": 0.028}, {""cost"": 4466, ""time"": 0.029}, {""cost"": 4438, ""time"": 0.03}, {""cost"": 4368, ""time"": 0.03}, {""cost"": 4312, ""time"": 0.038}, {""cost"": 4284, ""time"": 0.064}, {""cost"": 4270, ""time"": 0.065}, {""cost"": 4242, ""time"": 0.066}, {""cost"": 4228, ""time"": 0.074}, {""cost"": 4214, ""time"": 0.075}, {""cost"": 4186, ""time"": 0.076}, {""cost"": 4088, ""time"": 0.083}, {""cost"": 4060, ""time"": 0.108}, {""cost"": 4046, ""time"": 0.168}, {""cost"": 4018, ""time"": 0.208}, {""cost"": 3990, ""time"": 0.233}, {""cost"": 3892, ""time"": 0.322}, {""cost"": 3878, ""time"": 0.328}, {""cost"": 3822, ""time"": 0.329}, {""cost"": 3808, ""time"": 0.911}, {""cost"": 3780, ""time"": 0.913}, {""cost"": 3738, ""time"": 0.989}, {""cost"": 3654, ""time"": 0.989}]",3654,0.7,"(l1,l4,tr2)",0.8,"(l1,l3,tr2,k2)",0.8,"(l1,l3,tr2,k2)",p2,4,6,3654,0,0.7,0.75,0.75,0.8,0.05,0.15,0.35,0.45,True,5.324,"[{""cost"": [12800, 25], ""time"": 0.022}, {""cost"": [12400, 25], ""time"": 0.023}, {""cost"": [11800, 25], ""time"": 0.024}, {""cost"": [11200, 25], ""time"": 0.026}, {""cost"": [10800, 25], ""time"": 0.028}, {""cost"": [10200, 25], ""time"": 0.03}, {""cost"": [9600, 26], ""time"": 2.967}, {""cost"": [9200, 26], ""time"": 3.03}, {""cost"": [8600, 26], ""time"": 3.485}, {""cost"": [8000, 26], ""time"": 3.486}, {""cost"": [7600, 27], ""time"": 3.534}, {""cost"": [7000, 27], ""time"": 3.535}, {""cost"": [6400, 27], ""time"": 5.242}, {""cost"": [5800, 27], ""time"": 5.243}, {""cost"": [5400, 28], ""time"": 5.251}, {""cost"": [4800, 28], ""time"": 5.253}]",,,,,,,,,,,,,,,,,,,,OK
layered_paper,layered,paper,0,5,2,11,2,0.275,0.982,1500,3,1,many,full,1,1,3654,0,True,8.123,"[{""cost"": 18480, ""time"": 0.007}, {""cost"": 18354, ""time"": 0.007}, {""cost"": 17976, ""time"": 0.007}, {""cost"": 17902, ""time"": 0.009}, {""cost"": 17844, ""time"": 0.009}, {""cost"": 17592, ""time"": 0.009}, {""cost"": 17212, ""time"": 0.01}, {""cost"": 16920, ""time"": 0.01}, {""cost"": 16696, ""time"": 0.011}, {""cost"": 16456, ""time"": 0.011}, {""cost"": 16444, ""time"": 0.011}, {""cost"": 16388, ""time"": 0.012}, {""cost"": 16346, ""time"": 0.012}, {""cost"": 15140, ""time"": 0.012}, {""cost"": 14972, ""time"": 0.013}, {""cost"": 14902, ""time"": 0.013}, {""cost"": 14846, ""time"": 0.014}, {""cost"": 14776, ""time"": 0.014}, {""cost"": 14720, ""time"": 0.014}, {""cost"": 14678, ""time"": 0.015}, {""cost"": 14608, ""time"": 0.015}, {""cost"": 14552, ""time"": 0.015}, {""cost"": 14524, ""time"": 0.016}, {""cost"": 13768, ""time"": 0.016}, {""cost"": 13600, ""time"": 0.017}, {""cost"": 12268, ""time"": 0.017}, {""cost"": 10488, ""time"": 0.018}, {""cost"": 10404, ""time"": 0.018}, {""cost"": 9380, ""time"": 0.018}, {""cost"": 9268, ""time"": 0.019}, {""cost"": 8820, ""time"": 0.019}, {""cost"": 8540, ""time"": 0.02}, {""cost"": 8444, ""time"": 0.02}, {""cost"": 8164, ""time"": 0.021}, {""cost"": 7072, ""time"": 0.021}, {""cost"": 6820, ""time"": 0.022}, {""cost"": 6736, ""time"": 0.022}, {""cost"": 6720, ""time"": 0.023}, {""cost"": 6692, ""time"": 0.024}, {""cost"": 5964, ""time"": 0.025}, {""cost"": 5516, ""time"": 0.025}, {""cost"": 5404, ""time"": 0.025}, {""cost"": 5264, ""time"": 0.026}, {""cost"": 5096, ""time"": 0.027}, {""cost"": 5082, ""time"": 0.027}, {""cost"": 5026, ""time"": 0.028}, {""cost"": 4914, ""time"": 0.028}, {""cost"": 4466, ""time"": 0.029}, {""cost"": 4438, ""time"": 0.03}, {""cost"": 4368, ""time"": 0.03}, {""cost"": 4312, ""time"": 0.038}, {""cost"": 4284, ""time"": 0.064}, {""cost"": 4270, ""time"": 0.065}, {""cost"": 4242, ""time"": 0.066}, {""cost"": 4228, ""time"": 0.074}, {""cost"": 4214, ""time"": 0.075}, {""cost"": 4186, ""time"": 0.076}, {""cost"": 4088, ""time"": 0.083}, {""cost"": 4060, ""time"": 0.108}, {""cost"": 4046, ""time"": 0.168}, {""cost"": 4018, ""time"": 0.208}, {""cost"": 3990, ""time"": 0.233}, {""cost"": 3892, ""time"": 0.322}, {""cost"": 3878, ""time"": 0.328}, {""cost"": 3822, ""time"": 0.329}, {""cost"": 3808, ""time"": 0.911}, {""cost"": 3780, ""time"": 0.913}, {""cost"": 3738, ""time"": 0.989}, {""cost"": 3654, ""time"": 0.989}]",3654,0.7,"(l1,l4,tr2)",0.85,"(l1,l3,tr2,k1)",0.85,"(l1,l3,tr2,k1)",p2,2,6,3654,0,0.7,0.75,0.8,0.85,0.05,0.15,0.35,0.45,True,4.316,"[{""cost"": [12811, 25], ""time"": 0.006}, {""cost"": [12810, 25], ""time"": 0.007}, {""cost"": [12809, 25], ""time"": 0.008}, {""cost"": [12409, 25], ""time"": 0.009}, {""cost"": [11809, 25], ""time"": 0.01}, {""cost"": [11209, 25], ""time"": 0.011}, {""cost"": [10205, 26], ""time"": 0.013}, {""cost"": [9605, 26], ""time"": 0.014}, {""cost"": [9006, 26], ""time"": 0.015}, {""cost"": [9005, 26], ""time"": 0.016}, {""cost"": [8005, 26], ""time"": 0.018}, {""cost"": [8004, 26], ""time"": 0.072}, {""cost"": [7603, 27], ""time"": 1.904}, {""cost"": [7003, 27], ""time"": 1.906}, {""cost"": [6403, 27], ""time"": 4.004}, {""cost"": [5803, 27], ""time"": 4.005}, {""cost"": [5402, 28], ""time"": 4.095}, {""cost"": [4802, 28], ""time"": 4.096}]",,,,,,,,,,,,,,,,,,,,OK
layered_paper,layered,paper,0,5,2,11,2,0.275,0.982,2000,3,1,many,baseline,0,0,3654,0,True,8.047,"[{""cost"": 21980, ""time"": 0.007}, {""cost"": 21854, ""time"": 0.007}, {""cost"": 21476, ""time"": 0.008}, {""cost"": 18500, ""time"": 0.009}, {""cost"": 17256, ""time"": 0.009}, {""cost"": 17214, ""time"": 0.01}, {""cost"": 17130, ""time"": 0.01}, {""cost"": 17088, ""time"": 0.011}, {""cost"": 16962, ""time"": 0.011}, {""cost"": 15970, ""time"": 0.012}, {""cost"": 15718, ""time"": 0.012}, {""cost"": 15466, ""time"": 0.012}, {""cost"": 15088, ""time"": 0.013}, {""cost"": 14962, ""time"": 0.013}, {""cost"": 14836, ""time"": 0.014}, {""cost"": 14794, ""time"": 0.014}, {""cost"": 14752, ""time"": 0.014}, {""cost"": 13634, ""time"": 0.015}, {""cost"": 11634, ""time"": 0.015}, {""cost"": 9954, ""time"": 0.016}, {""cost"": 9674, ""time"": 0.016}, {""cost"": 9660, ""time"": 0.017}, {""cost"": 9534, ""time"": 0.017}, {""cost"": 9436, ""time"": 0.017}, {""cost"": 9380, ""time"": 0.018}, {""cost"": 9268, ""time"": 0.018}, {""cost"": 9156, ""time"": 0.019}, {""cost"": 9044, ""time"": 0.019}, {""cost"": 8988, ""time"": 0.02}, {""cost"": 8932, ""time"": 0.02}, {""cost"": 8776, ""time"": 0.021}, {""cost"": 8708, ""time"": 0.021}, {""cost"": 8540, ""time"": 0.022}, {""cost"": 7560, ""time"": 0.022}, {""cost"": 7504, ""time"": 0.023}, {""cost"": 7462, ""time"": 0.024}, {""cost"": 7336, ""time"": 0.024}, {""cost"": 7266, ""time"": 0.025}, {""cost"": 7056, ""time"": 0.025}, {""cost"": 6944, ""time"": 0.026}, {""cost"": 6846, ""time"": 0.026}, {""cost"": 6790, ""time"": 0.028}, {""cost"": 6664, ""time"": 0.029}, {""cost"": 6566, ""time"": 0.03}, {""cost"": 6412, ""time"": 0.031}, {""cost"": 4620, ""time"": 0.031}, {""cost"": 4368, ""time"": 0.032}, {""cost"": 4340, ""time"": 0.032}, {""cost"": 4032, ""time"": 0.033}, {""cost"": 3948, ""time"": 0.065}, {""cost"": 3892, ""time"": 0.117}, {""cost"": 3878, ""time"": 0.175}, {""cost"": 3850, ""time"": 0.182}, {""cost"": 3836, ""time"": 0.189}, {""cost"": 3808, ""time"": 0.19}, {""cost"": 3794, ""time"": 0.467}, {""cost"": 3766, ""time"": 0.471}, {""cost"": 3738, ""time"": 2.666}, {""cost"": 3710, ""time"": 3.566}, {""cost"": 3668, ""time"": 3.869}, {""cost"": 3654, ""time"": 4.845}]",3654,0.7,"(l1,l4,tr2)",0.75,"(l1,l3,tr2,k2)",0.75,"(l1,l3,tr2,k2)",p2,10,18,3108,546,0.7,0.7,0.7,0.75,0.0,0.0,0.1,0.25,True,0.008,"[{""cost"": [24], ""time"": 0.006}]",,,,,,,,,,,,,,,,,,,,OK
layered_paper,layered,paper,0,5,2,11,2,0.275,0.982,2000,3,1,many,mixed,1,0,3654,0,True,8.047,"[{""cost"": 21980, ""time"": 0.007}, {""cost"": 21854, ""time"": 0.007}, {""cost"": 21476, ""time"": 0.008}, {""cost"": 18500, ""time"": 0.009}, {""cost"": 17256, ""time"": 0.009}, {""cost"": 17214, ""time"": 0.01}, {""cost"": 17130, ""time"": 0.01}, {""cost"": 17088, ""time"": 0.011}, {""cost"": 16962, ""time"": 0.011}, {""cost"": 15970, ""time"": 0.012}, {""cost"": 15718, ""time"": 0.012}, {""cost"": 15466, ""time"": 0.012}, {""cost"": 15088, ""time"": 0.013}, {""cost"": 14962, ""time"": 0.013}, {""cost"": 14836, ""time"": 0.014}, {""cost"": 14794, ""time"": 0.014}, {""cost"": 14752, ""time"": 0.014}, {""cost"": 13634, ""time"": 0.015}, {""cost"": 11634, ""time"": 0.015}, {""cost"": 9954, ""time"": 0.016}, {""cost"": 9674, ""time"": 0.016}, {""cost"": 9660, ""time"": 0.017}, {""cost"": 9534, ""time"": 0.017}, {""cost"": 9436, ""time"": 0.017}, {""cost"": 9380, ""time"": 0.018}, {""cost"": 9268, ""time"": 0.018}, {""cost"": 9156, ""time"": 0.019}, {""cost"": 9044, ""time"": 0.019}, {""cost"": 8988, ""time"": 0.02}, {""cost"": 8932, ""time"": 0.02}, {""cost"": 8776, ""time"": 0.021}, {""cost"": 8708, ""time"": 0.021}, {""cost"": 8540, ""time"": 0.022}, {""cost"": 7560, ""time"": 0.022}, {""cost"": 7504, ""time"": 0.023}, {""cost"": 7462, ""time"": 0.024}, {""cost"": 7336, ""time"": 0.024}, {""cost"": 7266, ""time"": 0.025}, {""cost"": 7056, ""time"": 0.025}, {""cost"": 6944, ""time"": 0.026}, {""cost"": 6846, ""time"": 0.026}, {""cost"": 6790, ""time"": 0.028}, {""cost"": 6664, ""time"": 0.029}, {""cost"": 6566, ""time"": 0.03}, {""cost"": 6412, ""time"": 0.031}, {""cost"": 4620, ""time"": 0.031}, {""cost"": 4368, ""time"": 0.032}, {""cost"": 4340, ""time"": 0.032}, {""cost"": 4032, ""time"": 0.033}, {""cost"": 3948, ""time"": 0.065}, {""cost"": 3892, ""time"": 0.117}, {""cost"": 3878, ""time"": 0.175}, {""cost"": 3850, ""time"": 0.182}, {""cost"": 3836, ""time"": 0.189}, {""cost"": 3808, ""time"": 0.19}, {""cost"": 3794, ""time"": 0.467}, {""cost"": 3766, ""time"": 0.471}, {""cost"": 3738, ""time"": 2.666}, {""cost"": 3710, ""time"": 3.566}, {""cost"": 3668, ""time"": 3.869}, {""cost"": 3654, ""time"": 4.845}]",3654,0.7,"(l1,l4,tr2)",0.85,"(l2,l3,tr2,k2)",0.85,"(l2,l3,tr2,k2)",p1,0,12,3276,378,0.7,0.75,0.75,0.85,0.05,0.15,0.35,0.5,True,0.027,"[{""cost"": [10, 24], ""time"": 0.006}, {""cost"": [9, 24], ""time"": 0.007}, {""cost"": [8, 24], ""time"": 0.008}, {""cost"": [7, 25], ""time"": 0.01}, {""cost"": [7, 24], ""time"": 0.011}, {""cost"": [6, 26], ""time"": 0.012}, {""cost"": [6, 25], ""time"": 0.013}, {""cost"": [6, 24], ""time"": 0.014}, {""cost"": [5, 24], ""time"": 0.015}, {""cost"": [4, 25], ""time"": 0.016}, {""cost"": [3, 25], ""time"": 0.018}, {""cost"": [3, 24], ""time"": 0.019}, {""cost"": [2, 24], ""time"": 0.02}, {""cost"": [1, 25], ""time"": 0.022}, {""cost"": [0, 26], ""time"": 0.027}]",,,,,,,,,,,,,,,,,,,,OK
layered_paper,layered,paper,0,5,2,11,2,0.275,0.982,2000,3,1,many,even,0,1,3654,0,True,8.047,"[{""cost"": 21980, ""time"": 0.007}, {""cost"": 21854, ""time"": 0.007}, {""cost"": 21476, ""time"": 0.008}, {""cost"": 18500, ""time"": 0.009}, {""cost"": 17256, ""time"": 0.009}, {""cost"": 17214, ""time"": 0.01}, {""cost"": 17130, ""time"": 0.01}, {""cost"": 17088, ""time"": 0.011}, {""cost"": 16962, ""time"": 0.011}, {""cost"": 15970, ""time"": 0.012}, {""cost"": 15718, ""time"": 0.012}, {""cost"": 15466, ""time"": 0.012}, {""cost"": 15088, ""time"": 0.013}, {""cost"": 14962, ""time"": 0.013}, {""cost"": 14836, ""time"": 0.014}, {""cost"": 14794, ""time"": 0.014}, {""cost"": 14752, ""time"": 0.014}, {""cost"": 13634, ""time"": 0.015}, {""cost"": 11634, ""time"": 0.015}, {""cost"": 9954, ""time"": 0.016}, {""cost"": 9674, ""time"": 0.016}, {""cost"": 9660, ""time"": 0.017}, {""cost"": 9534, ""time"": 0.017}, {""cost"": 9436, ""time"": 0.017}, {""cost"": 9380, ""time"": 0.018}, {""cost"": 9268, ""time"": 0.018}, {""cost"": 9156, ""time"": 0.019}, {""cost"": 9044, ""time"": 0.019}, {""cost"": 8988, ""time"": 0.02}, {""cost"": 8932, ""time"": 0.02}, {""cost"": 8776, ""time"": 0.021}, {""cost"": 8708, ""time"": 0.021}, {""cost"": 8540, ""time"": 0.022}, {""cost"": 7560, ""time"": 0.022}, {""cost"": 7504, ""time"": 0.023}, {""cost"": 7462, ""time"": 0.024}, {""cost"": 7336, ""time"": 0.024}, {""cost"": 7266, ""time"": 0.025}, {""cost"": 7056, ""time"": 0.025}, {""cost"": 6944, ""time"": 0.026}, {""cost"": 6846, ""time"": 0.026}, {""cost"": 6790, ""time"": 0.028}, {""cost"": 6664, ""time"": 0.029}, {""cost"": 6566, ""time"": 0.03}, {""cost"": 6412, ""time"": 0.031}, {""cost"": 4620, ""time"": 0.031}, {""cost"": 4368, ""time"": 0.032}, {""cost"": 4340, ""time"": 0.032}, {""cost"": 4032, ""time"": 0.033}, {""cost"": 3948, ""time"": 0.065}, {""cost"": 3892, ""time"": 0.117}, {""cost"": 3878, ""time"": 0.175}, {""cost"": 3850, ""time"": 0.182}, {""cost"": 3836, ""time"": 0.189}, {""cost"": 3808, ""time"": 0.19}, {""cost"": 3794, ""time"": 0.467}, {""cost"": 3766, ""time"": 0.471}, {""cost"": 3738, ""time"": 2.666}, {""cost"": 3710, ""time"": 3.566}, {""cost"": 3668, ""time"": 3.869}, {""cost"": 3654, ""time"": 4.845}]",3654,0.7,"(l1,l4,tr2)",0.85,"(l1,l3,tr2,k2)",0.85,"(l1,l3,tr2,k2)",p2,0,6,3654,0,0.7,0.75,0.8,0.85,0.05,0.2,0.35,0.5,True,4.174,"[{""cost"": [14400, 24], ""time"": 0.006}, {""cost"": [12800, 25], ""time"": 0.007}, {""cost"": [12200, 25], ""time"": 0.008}, {""cost"": [12200, 24], ""time"": 0.01}, {""cost"": [10600, 25], ""time"": 0.011}, {""cost"": [10200, 26], ""time"": 0.583}, {""cost"": [9600, 26], ""time"": 0.584}, {""cost"": [9000, 26], ""time"": 1.4}, {""cost"": [8400, 26], ""time"": 1.401}, {""cost"": [8000, 27], ""time"": 1.492}, {""cost"": [7400, 27], ""time"": 1.493}, {""cost"": [7200, 27], ""time"": 3.446}, {""cost"": [6800, 27], ""time"": 3.449}, {""cost"": [6200, 27], ""time"": 3.45}, {""cost"": [5800, 28], ""time"": 4.151}, {""cost"": [5200, 28], ""time"": 4.152}]",,,,,,,,,,,,,,,,,,,,OK
layered_paper,layered,paper,0,5,2,11,2,0.275,0.982,2000,3,1,many,full,1,1,3654,0,True,8.047,"[{""cost"": 21980, ""time"": 0.007}, {""cost"": 21854, ""time"": 0.007}, {""cost"": 21476, ""time"": 0.008}, {""cost"": 18500, ""time"": 0.009}, {""cost"": 17256, ""time"": 0.009}, {""cost"": 17214, ""time"": 0.01}, {""cost"": 17130, ""time"": 0.01}, {""cost"": 17088, ""time"": 0.011}, {""cost"": 16962, ""time"": 0.011}, {""cost"": 15970, ""time"": 0.012}, {""cost"": 15718, ""time"": 0.012}, {""cost"": 15466, ""time"": 0.012}, {""cost"": 15088, ""time"": 0.013}, {""cost"": 14962, ""time"": 0.013}, {""cost"": 14836, ""time"": 0.014}, {""cost"": 14794, ""time"": 0.014}, {""cost"": 14752, ""time"": 0.014}, {""cost"": 13634, ""time"": 0.015}, {""cost"": 11634, ""time"": 0.015}, {""cost"": 9954, ""time"": 0.016}, {""cost"": 9674, ""time"": 0.016}, {""cost"": 9660, ""time"": 0.017}, {""cost"": 9534, ""time"": 0.017}, {""cost"": 9436, ""time"": 0.017}, {""cost"": 9380, ""time"": 0.018}, {""cost"": 9268, ""time"": 0.018}, {""cost"": 9156, ""time"": 0.019}, {""cost"": 9044, ""time"": 0.019}, {""cost"": 8988, ""time"": 0.02}, {""cost"": 8932, ""time"": 0.02}, {""cost"": 8776, ""time"": 0.021}, {""cost"": 8708, ""time"": 0.021}, {""cost"": 8540, ""time"": 0.022}, {""cost"": 7560, ""time"": 0.022}, {""cost"": 7504, ""time"": 0.023}, {""cost"": 7462, ""time"": 0.024}, {""cost"": 7336, ""time"": 0.024}, {""cost"": 7266, ""time"": 0.025}, {""cost"": 7056, ""time"": 0.025}, {""cost"": 6944, ""time"": 0.026}, {""cost"": 6846, ""time"": 0.026}, {""cost"": 6790, ""time"": 0.028}, {""cost"": 6664, ""time"": 0.029}, {""cost"": 6566, ""time"": 0.03}, {""cost"": 6412, ""time"": 0.031}, {""cost"": 4620, ""time"": 0.031}, {""cost"": 4368, ""time"": 0.032}, {""cost"": 4340, ""time"": 0.032}, {""cost"": 4032, ""time"": 0.033}, {""cost"": 3948, ""time"": 0.065}, {""cost"": 3892, ""time"": 0.117}, {""cost"": 3878, ""time"": 0.175}, {""cost"": 3850, ""time"": 0.182}, {""cost"": 3836, ""time"": 0.189}, {""cost"": 3808, ""time"": 0.19}, {""cost"": 3794, ""time"": 0.467}, {""cost"": 3766, ""time"": 0.471}, {""cost"": 3738, ""time"": 2.666}, {""cost"": 3710, ""time"": 3.566}, {""cost"": 3668, ""time"": 3.869}, {""cost"": 3654, ""time"": 4.845}]",3654,0.7,"(l1,l4,tr2)",0.85,"(l1,l3,tr2,k3)",0.85,"(l1,l3,tr2,k3)",p2,0,6,3654,0,0.7,0.75,0.8,0.85,0.05,0.2,0.35,0.55,True,6.224,"[{""cost"": [14410, 24], ""time"": 0.006}, {""cost"": [14409, 24], ""time"": 0.007}, {""cost"": [14408, 24], ""time"": 0.008}, {""cost"": [13408, 25], ""time"": 0.009}, {""cost"": [12808, 25], ""time"": 0.01}, {""cost"": [12208, 25], ""time"": 0.012}, {""cost"": [12204, 24], ""time"": 0.013}, {""cost"": [10604, 25], ""time"": 0.015}, {""cost"": [10603, 25], ""time"": 0.016}, {""cost"": [10202, 26], ""time"": 2.971}, {""cost"": [9602, 26], ""time"": 2.972}, {""cost"": [9002, 26], ""time"": 3.209}, {""cost"": [9001, 26], ""time"": 3.211}, {""cost"": [8402, 26], ""time"": 3.297}, {""cost"": [8401, 26], ""time"": 3.825}, {""cost"": [7801, 26], ""time"": 3.828}, {""cost"": [6801, 27], ""time"": 3.834}, {""cost"": [6201, 27], ""time"": 3.836}, {""cost"": [5800, 28], ""time"": 6.155}, {""cost"": [5200, 28], ""time"": 6.158}]",,,,,,,,,,,,,,,,,,,,OK
layered_paper,layered,paper,0,5,2,11,2,0.275,0.982,2500,3,1,many,baseline,0,0,3654,0,True,6.22,"[{""cost"": 25480, ""time"": 0.064}, {""cost"": 25354, ""time"": 0.066}, {""cost"": 24976, ""time"": 0.067}, {""cost"": 24846, ""time"": 0.067}, {""cost"": 24286, ""time"": 0.068}, {""cost"": 24006, ""time"": 0.07}, {""cost"": 23782, ""time"": 0.071}, {""cost"": 21208, ""time"": 0.075}, {""cost"": 20956, ""time"": 0.076}, {""cost"": 18960, ""time"": 0.077}, {""cost"": 17930, ""time"": 0.078}, {""cost"": 16838, ""time"": 0.079}, {""cost"": 15892, ""time"": 0.079}, {""cost"": 13644, ""time"": 0.08}, {""cost"": 13392, ""time"": 0.081}, {""cost"": 12258, ""time"": 0.082}, {""cost"": 10654, ""time"": 0.083}, {""cost"": 9226, ""time"": 0.085}, {""cost"": 8246, ""time"": 0.086}, {""cost"": 8218, ""time"": 0.087}, {""cost"": 8170, ""time"": 0.088}, {""cost"": 8016, ""time"": 0.089}, {""cost"": 7890, ""time"": 0.09}, {""cost"": 7820, ""time"": 0.091}, {""cost"": 7778, ""time"": 0.092}, {""cost"": 7722, ""time"": 0.094}, {""cost"": 5838, ""time"": 0.095}, {""cost"": 5824, ""time"": 0.095}, {""cost"": 5600, ""time"": 0.096}, {""cost"": 5320, ""time"": 0.097}, {""cost"": 5264, ""time"": 0.098}, {""cost"": 5096, ""time"": 0.099}, {""cost"": 4984, ""time"": 0.1}, {""cost"": 4844, ""time"": 0.102}, {""cost"": 4788, ""time"": 0.103}, {""cost"": 4690, ""time"": 0.104}, {""cost"": 4648, ""time"": 0.105}, {""cost"": 4620, ""time"": 0.107}, {""cost"": 4564, ""time"": 0.108}, {""cost"": 4480, ""time"": 0.109}, {""cost"": 4396, ""time"": 0.109}, {""cost"": 4382, ""time"": 0.11}, {""cost"": 4312, ""time"": 0.111}, {""cost"": 4256, ""time"": 0.123}, {""cost"": 4200, ""time"": 0.132}, {""cost"": 4186, ""time"": 0.143}, {""cost"": 4158, ""time"": 0.147}, {""cost"": 4074, ""time"": 0.148}, {""cost"": 4046, ""time"": 0.191}, {""cost"": 4018, ""time"": 0.196}, {""cost"": 3934, ""time"": 0.206}, {""cost"": 3892, ""time"": 0.238}, {""cost"": 3878, ""time"": 0.25}, {""cost"": 3850, ""time"": 0.676}, {""cost"": 3794, ""time"": 0.676}, {""cost"": 3766, ""time"": 1.178}, {""cost"": 3752, ""time"": 1.55}, {""cost"": 3738, ""time"": 1.585}, {""cost"": 3668, ""time"": 3.12}, {""cost"": 3654, ""time"": 3.121}]",3654,0.7,"(l1,l3,tr2)",0.75,"(l1,l3,tr2,k2)",0.75,"(l1,l3,tr2,k2)",p2,8,21,2856,798,0.7,0.7,0.7,0.75,0.0,0.0,0.05,0.2,True,0.024,"[{""cost"": [20], ""time"": 0.011}]",,,,,,,,,,,,,,,,,,,,OK
layered_paper,layered,paper,0,5,2,11,2,0.275,0.982,2500,3,1,many,mixed,1,0,3654,0,True,6.22,"[{""cost"": 25480, ""time"": 0.064}, {""cost"": 25354, ""time"": 0.066}, {""cost"": 24976, ""time"": 0.067}, {""cost"": 24846, ""time"": 0.067}, {""cost"": 24286, ""time"": 0.068}, {""cost"": 24006, ""time"": 0.07}, {""cost"": 23782, ""time"": 0.071}, {""cost"": 21208, ""time"": 0.075}, {""cost"": 20956, ""time"": 0.076}, {""cost"": 18960, ""time"": 0.077}, {""cost"": 17930, ""time"": 0.078}, {""cost"": 16838, ""time"": 0.079}, {""cost"": 15892, ""time"": 0.079}, {""cost"": 13644, ""time"": 0.08}, {""cost"": 13392, ""time"": 0.081}, {""cost"": 12258, ""time"": 0.082}, {""cost"": 10654, ""time"": 0.083}, {""cost"": 9226, ""time"": 0.085}, {""cost"": 8246, ""time"": 0.086}, {""cost"": 8218, ""time"": 0.087}, {""cost"": 8170, ""time"": 0.088}, {""cost"": 8016, ""time"": 0.089}, {""cost"": 7890, ""time"": 0.09}, {""cost"": 7820, ""time"": 0.091}, {""cost"": 7778, ""time"": 0.092}, {""cost"": 7722, ""time"": 0.094}, {""cost"": 5838, ""time"": 0.095}, {""cost"": 5824, ""time"": 0.095}, {""cost"": 5600, ""time"": 0.096}, {""cost"": 5320, ""time"": 0.097}, {""cost"": 5264, ""time"": 0.098}, {""cost"": 5096, ""time"": 0.099}, {""cost"": 4984, ""time"": 0.1}, {""cost"": 4844, ""time"": 0.102}, {""cost"": 4788, ""time"": 0.103}, {""cost"": 4690, ""time"": 0.104}, {""cost"": 4648, ""time"": 0.105}, {""cost"": 4620, ""time"": 0.107}, {""cost"": 4564, ""time"": 0.108}, {""cost"": 4480, ""time"": 0.109}, {""cost"": 4396, ""time"": 0.109}, {""cost"": 4382, ""time"": 0.11}, {""cost"": 4312, ""time"": 0.111}, {""cost"": 4256, ""time"": 0.123}, {""cost"": 4200, ""time"": 0.132}, {""cost"": 4186, ""time"": 0.143}, {""cost"": 4158, ""time"": 0.147}, {""cost"": 4074, ""time"": 0.148}, {""cost"": 4046, ""time"": 0.191}, {""cost"": 4018, ""time"": 0.196}, {""cost"": 3934, ""time"": 0.206}, {""cost"": 3892, ""time"": 0.238}, {""cost"": 3878, ""time"": 0.25}, {""cost"": 3850, ""time"": 0.676}, {""cost"": 3794, ""time"": 0.676}, {""cost"": 3766, ""time"": 1.178}, {""cost"": 3752, ""time"": 1.55}, {""cost"": 3738, ""time"": 1.585}, {""cost"": 3668, ""time"": 3.12}, {""cost"": 3654, ""time"": 3.121}]",3654,0.7,"(l1,l3,tr2)",0.85,"(l1,l3,tr2,k1)",0.85,"(l1,l3,tr2,k1)",p2,0,20,3136,518,0.7,0.7,0.75,0.85,0.0,0.2,0.3,0.55,True,0.033,"[{""cost"": [8, 20], ""time"": 0.006}, {""cost"": [7, 21], ""time"": 0.007}, {""cost"": [7, 20], ""time"": 0.008}, {""cost"": [6, 21], ""time"": 0.009}, {""cost"": [6, 20], ""time"": 0.01}, {""cost"": [5, 21], ""time"": 0.011}, {""cost"": [3, 21], ""time"": 0.013}, {""cost"": [2, 21], ""time"": 0.014}, {""cost"": [1, 21], ""time"": 0.015}, {""cost"": [0, 22], ""time"": 0.033}]",,,,,,,,,,,,,,,,,,,,OK
layered_paper,layered,paper,0,5,2,11,2,0.275,0.982,2500,3,1,many,even,0,1,3654,0,True,6.22,"[{""cost"": 25480, ""time"": 0.064}, {""cost"": 25354, ""time"": 0.066}, {""cost"": 24976, ""time"": 0.067}, {""cost"": 24846, ""time"": 0.067}, {""cost"": 24286, ""time"": 0.068}, {""cost"": 24006, ""time"": 0.07}, {""cost"": 23782, ""time"": 0.071}, {""cost"": 21208, ""time"": 0.075}, {""cost"": 20956, ""time"": 0.076}, {""cost"": 18960, ""time"": 0.077}, {""cost"": 17930, ""time"": 0.078}, {""cost"": 16838, ""time"": 0.079}, {""cost"": 15892, ""time"": 0.079}, {""cost"": 13644, ""time"": 0.08}, {""cost"": 13392, ""time"": 0.081}, {""cost"": 12258, ""time"": 0.082}, {""cost"": 10654, ""time"": 0.083}, {""cost"": 9226, ""time"": 0.085}, {""cost"": 8246, ""time"": 0.086}, {""cost"": 8218, ""time"": 0.087}, {""cost"": 8170, ""time"": 0.088}, {""cost"": 8016, ""time"": 0.089}, {""cost"": 7890, ""time"": 0.09}, {""cost"": 7820, ""time"": 0.091}, {""cost"": 7778, ""time"": 0.092}, {""cost"": 7722, ""time"": 0.094}, {""cost"": 5838, ""time"": 0.095}, {""cost"": 5824, ""time"": 0.095}, {""cost"": 5600, ""time"": 0.096}, {""cost"": 5320, ""time"": 0.097}, {""cost"": 5264, ""time"": 0.098}, {""cost"": 5096, ""time"": 0.099}, {""cost"": 4984, ""time"": 0.1}, {""cost"": 4844, ""time"": 0.102}, {""cost"": 4788, ""time"": 0.103}, {""cost"": 4690, ""time"": 0.104}, {""cost"": 4648, ""time"": 0.105}, {""cost"": 4620, ""time"": 0.107}, {""cost"": 4564, ""time"": 0.108}, {""cost"": 4480, ""time"": 0.109}, {""cost"": 4396, ""time"": 0.109}, {""cost"": 4382, ""time"": 0.11}, {""cost"": 4312, ""time"": 0.111}, {""cost"": 4256, ""time"": 0.123}, {""cost"": 4200, ""time"": 0.132}, {""cost"": 4186, ""time"": 0.143}, {""cost"": 4158, ""time"": 0.147}, {""cost"": 4074, ""time"": 0.148}, {""cost"": 4046, ""time"": 0.191}, {""cost"": 4018, ""time"": 0.196}, {""cost"": 3934, ""time"": 0.206}, {""cost"": 3892, ""time"": 0.238}, {""cost"": 3878, ""time"": 0.25}, {""cost"": 3850, ""time"": 0.676}, {""cost"": 3794, ""time"": 0.676}, {""cost"": 3766, ""time"": 1.178}, {""cost"": 3752, ""time"": 1.55}, {""cost"": 3738, ""time"": 1.585}, {""cost"": 3668, ""time"": 3.12}, {""cost"": 3654, ""time"": 3.121}]",3654,0.7,"(l1,l3,tr2)",0.85,"(l3,l5,tr1,k2)",0.85,"(l3,l5,tr1,k2)",p2,5,8,3654,0,0.7,0.75,0.8,0.85,0.0,0.15,0.25,0.45,True,1.897,"[{""cost"": [17400, 20], ""time"": 0.006}, {""cost"": [15800, 21], ""time"": 0.007}, {""cost"": [14200, 22], ""time"": 0.008}, {""cost"": [13200, 22], ""time"": 0.009}, {""cost"": [11600, 23], ""time"": 0.01}, {""cost"": [9600, 24], ""time"": 0.012}, {""cost"": [9000, 24], ""time"": 0.013}, {""cost"": [8400, 24], ""time"": 0.014}, {""cost"": [7400, 25], ""time"": 1.513}, {""cost"": [6400, 26], ""time"": 1.605}]",,,,,,,,,,,,,,,,,,,,OK
layered_paper,layered,paper,0,5,2,11,2,0.275,0.982,2500,3,1,many,full,1,1,3654,0,True,6.22,"[{""cost"": 25480, ""time"": 0.064}, {""cost"": 25354, ""time"": 0.066}, {""cost"": 24976, ""time"": 0.067}, {""cost"": 24846, ""time"": 0.067}, {""cost"": 24286, ""time"": 0.068}, {""cost"": 24006, ""time"": 0.07}, {""cost"": 23782, ""time"": 0.071}, {""cost"": 21208, ""time"": 0.075}, {""cost"": 20956, ""time"": 0.076}, {""cost"": 18960, ""time"": 0.077}, {""cost"": 17930, ""time"": 0.078}, {""cost"": 16838, ""time"": 0.079}, {""cost"": 15892, ""time"": 0.079}, {""cost"": 13644, ""time"": 0.08}, {""cost"": 13392, ""time"": 0.081}, {""cost"": 12258, ""time"": 0.082}, {""cost"": 10654, ""time"": 0.083}, {""cost"": 9226, ""time"": 0.085}, {""cost"": 8246, ""time"": 0.086}, {""cost"": 8218, ""time"": 0.087}, {""cost"": 8170, ""time"": 0.088}, {""cost"": 8016, ""time"": 0.089}, {""cost"": 7890, ""time"": 0.09}, {""cost"": 7820, ""time"": 0.091}, {""cost"": 7778, ""time"": 0.092}, {""cost"": 7722, ""time"": 0.094}, {""cost"": 5838, ""time"": 0.095}, {""cost"": 5824, ""time"": 0.095}, {""cost"": 5600, ""time"": 0.096}, {""cost"": 5320, ""time"": 0.097}, {""cost"": 5264, ""time"": 0.098}, {""cost"": 5096, ""time"": 0.099}, {""cost"": 4984, ""time"": 0.1}, {""cost"": 4844, ""time"": 0.102}, {""cost"": 4788, ""time"": 0.103}, {""cost"": 4690, ""time"": 0.104}, {""cost"": 4648, ""time"": 0.105}, {""cost"": 4620, ""time"": 0.107}, {""cost"": 4564, ""time"": 0.108}, {""cost"": 4480, ""time"": 0.109}, {""cost"": 4396, ""time"": 0.109}, {""cost"": 4382, ""time"": 0.11}, {""cost"": 4312, ""time"": 0.111}, {""cost"": 4256, ""time"": 0.123}, {""cost"": 4200, ""time"": 0.132}, {""cost"": 4186, ""time"": 0.143}, {""cost"": 4158, ""time"": 0.147}, {""cost"": 4074, ""time"": 0.148}, {""cost"": 4046, ""time"": 0.191}, {""cost"": 4018, ""time"": 0.196}, {""cost"": 3934, ""time"": 0.206}, {""cost"": 3892, ""time"": 0.238}, {""cost"": 3878, ""time"": 0.25}, {""cost"": 3850, ""time"": 0.676}, {""cost"": 3794, ""time"": 0.676}, {""cost"": 3766, ""time"": 1.178}, {""cost"": 3752, ""time"": 1.55}, {""cost"": 3738, ""time"": 1.585}, {""cost"": 3668, ""time"": 3.12}, {""cost"": 3654, ""time"": 3.121}]",3654,0.7,"(l1,l3,tr2)",0.85,"(l3,l5,tr1,k1)",0.85,"(l3,l5,tr1,k1)",p2,5,8,3654,0,0.7,0.75,0.8,0.85,0.0,0.15,0.25,0.35,True,1.273,"[{""cost"": [17408, 20], ""time"": 0.006}, {""cost"": [15811, 21], ""time"": 0.007}, {""cost"": [15807, 21], ""time"": 0.008}, {""cost"": [15209, 22], ""time"": 0.009}, {""cost"": [14810, 22], ""time"": 0.01}, {""cost"": [14210, 22], ""time"": 0.011}, {""cost"": [13809, 22], ""time"": 0.012}, {""cost"": [13209, 22], ""time"": 0.013}, {""cost"": [12212, 23], ""time"": 0.014}, {""cost"": [11612, 23], ""time"": 0.015}, {""cost"": [11207, 23], ""time"": 0.016}, {""cost"": [10608, 23], ""time"": 0.018}, {""cost"": [10603, 23], ""time"": 0.022}, {""cost"": [10201, 24], ""time"": 0.024}, {""cost"": [9602, 24], ""time"": 0.025}, {""cost"": [9003, 24], ""time"": 0.028}, {""cost"": [8407, 24], ""time"": 0.032}, {""cost"": [8007, 25], ""time"": 0.047}, {""cost"": [7406, 25], ""time"": 0.048}, {""cost"": [7403, 26], ""time"": 0.592}, {""cost"": [7004, 26], ""time"": 0.608}, {""cost"": [6405, 26], ""time"": 0.66}]",,,,,,,,,,,,,,,,,,,,OK
layered_paper,layered,paper,0,5,2,11,2,0.275,0.982,3000,3,1,many,baseline,0,0,3654,0,True,6.928,"[{""cost"": 28980, ""time"": 0.007}, {""cost"": 28854, ""time"": 0.007}, {""cost"": 28476, ""time"": 0.007}, {""cost"": 26906, ""time"": 0.008}, {""cost"": 26346, ""time"": 0.009}, {""cost"": 25786, ""time"": 0.009}, {""cost"": 25506, ""time"": 0.009}, {""cost"": 25282, ""time"": 0.01}, {""cost"": 23708, ""time"": 0.01}, {""cost"": 23456, ""time"": 0.011}, {""cost"": 20960, ""time"": 0.011}, {""cost"": 19262, ""time"": 0.011}, {""cost"": 18338, ""time"": 0.012}, {""cost"": 16976, ""time"": 0.012}, {""cost"": 14228, ""time"": 0.013}, {""cost"": 13976, ""time"": 0.013}, {""cost"": 12758, ""time"": 0.013}, {""cost"": 10766, ""time"": 0.014}, {""cost"": 10122, ""time"": 0.014}, {""cost"": 9366, ""time"": 0.015}, {""cost"": 9114, ""time"": 0.015}, {""cost"": 9030, ""time"": 0.016}, {""cost"": 8106, ""time"": 0.016}, {""cost"": 8022, ""time"": 0.017}, {""cost"": 5348, ""time"": 0.018}, {""cost"": 5306, ""time"": 0.019}, {""cost"": 5166, ""time"": 0.019}, {""cost"": 4998, ""time"": 0.02}, {""cost"": 4662, ""time"": 0.02}, {""cost"": 4606, ""time"": 0.021}, {""cost"": 4578, ""time"": 0.022}, {""cost"": 4494, ""time"": 0.023}, {""cost"": 4382, ""time"": 0.028}, {""cost"": 4228, ""time"": 0.031}, {""cost"": 4172, ""time"": 0.048}, {""cost"": 4088, ""time"": 0.054}, {""cost"": 4032, ""time"": 0.054}, {""cost"": 3976, ""time"": 0.055}, {""cost"": 3948, ""time"": 0.055}, {""cost"": 3934, ""time"": 0.056}, {""cost"": 3878, ""time"": 0.056}, {""cost"": 3864, ""time"": 0.099}, {""cost"": 3794, ""time"": 0.1}, {""cost"": 3738, ""time"": 0.538}, {""cost"": 3654, ""time"": 1.006}]",3654,0.7,"(l1,l3,tr2)",0.75,"(l1,l3,tr2,k2)",0.75,"(l1,l3,tr2,k2)",p2,10,22,2856,798,0.7,0.7,0.7,0.75,0.0,0.0,0.05,0.25,True,0.013,"[{""cost"": [21], ""time"": 0.006}]",,,,,,,,,,,,,,,,,,,,OK
layered_paper,layered,paper,0,5,2,11,2,0.275,0.982,3000,3,1,many,mixed,1,0,3654,0,True,6.928,"[{""cost"": 28980, ""time"": 0.007}, {""cost"": 28854, ""time"": 0.007}, {""cost"": 28476, ""time"": 0.007}, {""cost"": 26906, ""time"": 0.008}, {""cost"": 26346, ""time"": 0.009}, {""cost"": 25786, ""time"": 0.009}, {""cost"": 25506, ""time"": 0.009}, {""cost"": 25282, ""time"": 0.01}, {""cost"": 23708, ""time"": 0.01}, {""cost"": 23456, ""time"": 0.011}, {""cost"": 20960, ""time"": 0.011}, {""cost"": 19262, ""time"": 0.011}, {""cost"": 18338, ""time"": 0.012}, {""cost"": 16976, ""time"": 0.012}, {""cost"": 14228, ""time"": 0.013}, {""cost"": 13976, ""time"": 0.013}, {""cost"": 12758, ""time"": 0.013}, {""cost"": 10766, ""time"": 0.014}, {""cost"": 10122, ""time"": 0.014}, {""cost"": 9366, ""time"": 0.015}, {""cost"": 9114, ""time"": 0.015}, {""cost"": 9030, ""time"": 0.016}, {""cost"": 8106, ""time"": 0.016}, {""cost"": 8022, ""time"": 0.017}, {""cost"": 5348, ""time"": 0.018}, {""cost"": 5306, ""time"": 0.019}, {""cost"": 5166, ""time"": 0.019}, {""cost"": 4998, ""time"": 0.02}, {""cost"": 4662, ""time"": 0.02}, {""cost"": 4606, ""time"": 0.021}, {""cost"": 4578, ""time"": 0.022}, {""cost"": 4494, ""time"": 0.023}, {""cost"": 4382, ""time"": 0.028}, {""cost"": 4228, ""time"": 0.031}, {""cost"": 4172, ""time"": 0.048}, {""cost"": 4088, ""time"": 0.054}, {""cost"": 4032, ""time"": 0.054}, {""cost"": 3976, ""time"": 0.055}, {""cost"": 3948, ""time"": 0.055}, {""cost"": 3934, ""time"": 0.056}, {""cost"": 3878, ""time"": 0.056}, {""cost"": 3864, ""time"": 0.099}, {""cost"": 3794, ""time"": 0.1}, {""cost"": 3738, ""time"": 0.538}, {""cost"": 3654, ""time"": 1.006}]",3654,0.7,"(l1,l3,tr2)",0.85,"(l1,l3,tr2,k3)",0.85,"(l1,l3,tr2,k3)",p2,1,21,3136,518,0.7,0.75,0.75,0.85,0.0,0.2,0.35,0.5,True,0.043,"[{""cost"": [10, 21], ""time"": 0.006}, {""cost"": [9, 21], ""time"": 0.006}, {""cost"": [8, 21], ""time"": 0.007}, {""cost"": [7, 21], ""time"": 0.008}, {""cost"": [6, 22], ""time"": 0.01}, {""cost"": [4, 21], ""time"": 0.011}, {""cost"": [3, 21], ""time"": 0.012}, {""cost"": [2, 22], ""time"": 0.013}, {""cost"": [1, 23], ""time"": 0.04}]",,,,,,,,,,,,,,,,,,,,OK
layered_paper,layered,paper,0,5,2,11,2,0.275,0.982,3000,3,1,many,even,0,1,3654,0,True,6.928,"[{""cost"": 28980, ""time"": 0.007}, {""cost"": 28854, ""time"": 0.007}, {""cost"": 28476, ""time"": 0.007}, {""cost"": 26906, ""time"": 0.008}, {""cost"": 26346, ""time"": 0.009}, {""cost"": 25786, ""time"": 0.009}, {""cost"": 25506, ""time"": 0.009}, {""cost"": 25282, ""time"": 0.01}, {""cost"": 23708, ""time"": 0.01}, {""cost"": 23456, ""time"": 0.011}, {""cost"": 20960, ""time"": 0.011}, {""cost"": 19262, ""time"": 0.011}, {""cost"": 18338, ""time"": 0.012}, {""cost"": 16976, ""time"": 0.012}, {""cost"": 14228, ""time"": 0.013}, {""cost"": 13976, ""time"": 0.013}, {""cost"": 12758, ""time"": 0.013}, {""cost"": 10766, ""time"": 0.014}, {""cost"": 10122, ""time"": 0.014}, {""cost"": 9366, ""time"": 0.015}, {""cost"": 9114, ""time"": 0.015}, {""cost"": 9030, ""time"": 0.016}, {""cost"": 8106, ""time"": 0.016}, {""cost"": 8022, ""time"": 0.017}, {""cost"": 5348, ""time"": 0.018}, {""cost"": 5306, ""time"": 0.019}, {""cost"": 5166, ""time"": 0.019}, {""cost"": 4998, ""time"": 0.02}, {""cost"": 4662, ""time"": 0.02}, {""cost"": 4606, ""time"": 0.021}, {""cost"": 4578, ""time"": 0.022}, {""cost"": 4494, ""time"": 0.023}, {""cost"": 4382, ""time"": 0.028}, {""cost"": 4228, ""time"": 0.031}, {""cost"": 4172, ""time"": 0.048}, {""cost"": 4088, ""time"": 0.054}, {""cost"": 4032, ""time"": 0.054}, {""cost"": 3976, ""time"": 0.055}, {""cost"": 3948, ""time"": 0.055}, {""cost"": 3934, ""time"": 0.056}, {""cost"": 3878, ""time"": 0.056}, {""cost"": 3864, ""time"": 0.099}, {""cost"": 3794, ""time"": 0.1}, {""cost"": 3738, ""time"": 0.538}, {""cost"": 3654, ""time"": 1.006}]",3654,0.7,"(l1,l3,tr2)",0.85,"(l1,l3,tr1,k1)",0.85,"(l1,l3,tr1,k1)",p2,5,10,3654,0,0.7,0.75,0.8,0.85,0.0,0.15,0.25,0.55,True,4.444,"[{""cost"": [18400, 21], ""time"": 0.013}, {""cost"": [18000, 22], ""time"": 0.015}, {""cost"": [15200, 23], ""time"": 0.017}, {""cost"": [14200, 23], ""time"": 0.018}, {""cost"": [12600, 24], ""time"": 0.019}, {""cost"": [12000, 24], ""time"": 0.021}, {""cost"": [11600, 25], ""time"": 0.07}, {""cost"": [11000, 25], ""time"": 0.072}, {""cost"": [10400, 25], ""time"": 0.073}, {""cost"": [10000, 26], ""time"": 0.265}, {""cost"": [9400, 26], ""time"": 0.267}, {""cost"": [9000, 27], ""time"": 0.749}, {""cost"": [8400, 27], ""time"": 0.75}]",,,,,,,,,,,,,,,,,,,,OK
layered_paper,layered,paper,0,5,2,11,2,0.275,0.982,3000,3,1,many,full,1,1,3654,0,True,6.928,"[{""cost"": 28980, ""time"": 0.007}, {""cost"": 28854, ""time"": 0.007}, {""cost"": 28476, ""time"": 0.007}, {""cost"": 26906, ""time"": 0.008}, {""cost"": 26346, ""time"": 0.009}, {""cost"": 25786, ""time"": 0.009}, {""cost"": 25506, ""time"": 0.009}, {""cost"": 25282, ""time"": 0.01}, {""cost"": 23708, ""time"": 0.01}, {""cost"": 23456, ""time"": 0.011}, {""cost"": 20960, ""time"": 0.011}, {""cost"": 19262, ""time"": 0.011}, {""cost"": 18338, ""time"": 0.012}, {""cost"": 16976, ""time"": 0.012}, {""cost"": 14228, ""time"": 0.013}, {""cost"": 13976, ""time"": 0.013}, {""cost"": 12758, ""time"": 0.013}, {""cost"": 10766, ""time"": 0.014}, {""cost"": 10122, ""time"": 0.014}, {""cost"": 9366, ""time"": 0.015}, {""cost"": 9114, ""time"": 0.015}, {""cost"": 9030, ""time"": 0.016}, {""cost"": 8106, ""time"": 0.016}, {""cost"": 8022, ""time"": 0.017}, {""cost"": 5348, ""time"": 0.018}, {""cost"": 5306, ""time"": 0.019}, {""cost"": 5166, ""time"": 0.019}, {""cost"": 4998, ""time"": 0.02}, {""cost"": 4662, ""time"": 0.02}, {""cost"": 4606, ""time"": 0.021}, {""cost"": 4578, ""time"": 0.022}, {""cost"": 4494, ""time"": 0.023}, {""cost"": 4382, ""time"": 0.028}, {""cost"": 4228, ""time"": 0.031}, {""cost"": 4172, ""time"": 0.048}, {""cost"": 4088, ""time"": 0.054}, {""cost"": 4032, ""time"": 0.054}, {""cost"": 3976, ""time"": 0.055}, {""cost"": 3948, ""time"": 0.055}, {""cost"": 3934, ""time"": 0.056}, {""cost"": 3878, ""time"": 0.056}, {""cost"": 3864, ""time"": 0.099}, {""cost"": 3794, ""time"": 0.1}, {""cost"": 3738, ""time"": 0.538}, {""cost"": 3654, ""time"": 1.006}]",3654,0.7,"(l1,l3,tr2)",0.85,"(l3,l5,tr1,k1)",0.85,"(l3,l5,tr1,k1)",p2,4,10,3654,0,0.7,0.75,0.8,0.85,0.0,0.15,0.25,0.55,True,5.211,"[{""cost"": [18410, 21], ""time"": 0.006}, {""cost"": [18409, 21], ""time"": 0.007}, {""cost"": [18408, 21], ""time"": 0.008}, {""cost"": [18407, 21], ""time"": 0.009}, {""cost"": [14806, 23], ""time"": 0.01}, {""cost"": [14206, 23], ""time"": 0.011}, {""cost"": [14205, 23], ""time"": 0.012}, {""cost"": [14204, 23], ""time"": 0.013}, {""cost"": [14202, 23], ""time"": 0.015}, {""cost"": [13603, 23], ""time"": 0.016}, {""cost"": [12003, 24], ""time"": 0.018}, {""cost"": [11606, 25], ""time"": 0.026}, {""cost"": [11007, 25], ""time"": 0.027}, {""cost"": [11005, 25], ""time"": 0.028}, {""cost"": [10406, 25], ""time"": 0.029}, {""cost"": [10006, 26], ""time"": 0.032}, {""cost"": [9405, 26], ""time"": 0.034}, {""cost"": [9402, 27], ""time"": 0.359}, {""cost"": [9005, 27], ""time"": 0.69}, {""cost"": [8404, 27], ""time"": 0.691}]",,,,,,,,,,,,,,,,,,,,OK
layered_paper,layered,paper,0,5,2,11,2,0.275,0.982,3500,3,1,many,baseline,0,0,3654,0,True,7.614,"[{""cost"": 32480, ""time"": 0.007}, {""cost"": 32354, ""time"": 0.008}, {""cost"": 31976, ""time"": 0.008}, {""cost"": 28406, ""time"": 0.009}, {""cost"": 27846, ""time"": 0.009}, {""cost"": 27286, ""time"": 0.01}, {""cost"": 27006, ""time"": 0.01}, {""cost"": 26782, ""time"": 0.011}, {""cost"": 26208, ""time"": 0.011}, {""cost"": 25956, ""time"": 0.012}, {""cost"": 22960, ""time"": 0.012}, {""cost"": 19922, ""time"": 0.012}, {""cost"": 19754, ""time"": 0.013}, {""cost"": 19628, ""time"": 0.013}, {""cost"": 18606, ""time"": 0.013}, {""cost"": 18480, ""time"": 0.014}, {""cost"": 18438, ""time"": 0.014}, {""cost"": 18312, ""time"": 0.015}, {""cost"": 18270, ""time"": 0.015}, {""cost"": 16506, ""time"": 0.015}, {""cost"": 16380, ""time"": 0.016}, {""cost"": 16296, ""time"": 0.016}, {""cost"": 16268, ""time"": 0.017}, {""cost"": 16212, ""time"": 0.017}, {""cost"": 13216, ""time"": 0.018}, {""cost"": 13090, ""time"": 0.018}, {""cost"": 12964, ""time"": 0.019}, {""cost"": 10178, ""time"": 0.019}, {""cost"": 9968, ""time"": 0.02}, {""cost"": 9940, ""time"": 0.02}, {""cost"": 9856, ""time"": 0.02}, {""cost"": 9772, ""time"": 0.021}, {""cost"": 9604, ""time"": 0.021}, {""cost"": 9156, ""time"": 0.022}, {""cost"": 9044, ""time"": 0.022}, {""cost"": 8988, ""time"": 0.023}, {""cost"": 8932, ""time"": 0.023}, {""cost"": 8876, ""time"": 0.024}, {""cost"": 8764, ""time"": 0.024}, {""cost"": 8708, ""time"": 0.024}, {""cost"": 8652, ""time"": 0.025}, {""cost"": 8624, ""time"": 0.025}, {""cost"": 8568, ""time"": 0.025}, {""cost"": 8512, ""time"": 0.026}, {""cost"": 5376, ""time"": 0.026}, {""cost"": 5320, ""time"": 0.027}, {""cost"": 5264, ""time"": 0.027}, {""cost"": 5208, ""time"": 0.028}, {""cost"": 5180, ""time"": 0.028}, {""cost"": 5124, ""time"": 0.029}, {""cost"": 5096, ""time"": 0.029}, {""cost"": 5026, ""time"": 0.03}, {""cost"": 4914, ""time"": 0.031}, {""cost"": 4886, ""time"": 0.031}, {""cost"": 4774, ""time"": 0.032}, {""cost"": 4760, ""time"": 0.032}, {""cost"": 4676, ""time"": 0.033}, {""cost"": 4592, ""time"": 0.033}, {""cost"": 4508, ""time"": 0.034}, {""cost"": 4368, ""time"": 0.034}, {""cost"": 4284, ""time"": 0.037}, {""cost"": 4186, ""time"": 0.037}, {""cost"": 4158, ""time"": 0.061}, {""cost"": 4130, ""time"": 0.067}, {""cost"": 4102, ""time"": 0.068}, {""cost"": 4018, ""time"": 0.071}, {""cost"": 4004, ""time"": 0.094}, {""cost"": 3990, ""time"": 0.094}, {""cost"": 3976, ""time"": 0.276}, {""cost"": 3962, ""time"": 0.276}, {""cost"": 3920, ""time"": 0.383}, {""cost"": 3878, ""time"": 0.384}, {""cost"": 3836, ""time"": 0.385}, {""cost"": 3808, ""time"": 0.729}, {""cost"": 3766, ""time"": 1.058}, {""cost"": 3724, ""time"": 1.787}, {""cost"": 3682, ""time"": 2.1}, {""cost"": 3668, ""time"": 2.911}, {""cost"": 3654, ""time"": 4.064}]",3654,0.7,"(l1,l3,tr2)",0.75,"(l1,l3,tr2,k2)",0.75,"(l1,l3,tr2,k2)",p2,10,22,2856,798,0.7,0.7,0.7,0.75,0.0,0.0,0.05,0.25,True,0.013,"[{""cost"": [21], ""time"": 0.006}]",,,,,,,,,,,,,,,,,,,,OK
layered_paper,layered,paper,0,5,2,11,2,0.275,0.982,3500,3,1,many,mixed,1,0,3654,0,True,7.614,"[{""cost"": 32480, ""time"": 0.007}, {""cost"": 32354, ""time"": 0.008}, {""cost"": 31976, ""time"": 0.008}, {""cost"": 28406, ""time"": 0.009}, {""cost"": 27846, ""time"": 0.009}, {""cost"": 27286, ""time"": 0.01}, {""cost"": 27006, ""time"": 0.01}, {""cost"": 26782, ""time"": 0.011}, {""cost"": 26208, ""time"": 0.011}, {""cost"": 25956, ""time"": 0.012}, {""cost"": 22960, ""time"": 0.012}, {""cost"": 19922, ""time"": 0.012}, {""cost"": 19754, ""time"": 0.013}, {""cost"": 19628, ""time"": 0.013}, {""cost"": 18606, ""time"": 0.013}, {""cost"": 18480, ""time"": 0.014}, {""cost"": 18438, ""time"": 0.014}, {""cost"": 18312, ""time"": 0.015}, {""cost"": 18270, ""time"": 0.015}, {""cost"": 16506, ""time"": 0.015}, {""cost"": 16380, ""time"": 0.016}, {""cost"": 16296, ""time"": 0.016}, {""cost"": 16268, ""time"": 0.017}, {""cost"": 16212, ""time"": 0.017}, {""cost"": 13216, ""time"": 0.018}, {""cost"": 13090, ""time"": 0.018}, {""cost"": 12964, ""time"": 0.019}, {""cost"": 10178, ""time"": 0.019}, {""cost"": 9968, ""time"": 0.02}, {""cost"": 9940, ""time"": 0.02}, {""cost"": 9856, ""time"": 0.02}, {""cost"": 9772, ""time"": 0.021}, {""cost"": 9604, ""time"": 0.021}, {""cost"": 9156, ""time"": 0.022}, {""cost"": 9044, ""time"": 0.022}, {""cost"": 8988, ""time"": 0.023}, {""cost"": 8932, ""time"": 0.023}, {""cost"": 8876, ""time"": 0.024}, {""cost"": 8764, ""time"": 0.024}, {""cost"": 8708, ""time"": 0.024}, {""cost"": 8652, ""time"": 0.025}, {""cost"": 8624, ""time"": 0.025}, {""cost"": 8568, ""time"": 0.025}, {""cost"": 8512, ""time"": 0.026}, {""cost"": 5376, ""time"": 0.026}, {""cost"": 5320, ""time"": 0.027}, {""cost"": 5264, ""time"": 0.027}, {""cost"": 5208, ""time"": 0.028}, {""cost"": 5180, ""time"": 0.028}, {""cost"": 5124, ""time"": 0.029}, {""cost"": 5096, ""time"": 0.029}, {""cost"": 5026, ""time"": 0.03}, {""cost"": 4914, ""time"": 0.031}, {""cost"": 4886, ""time"": 0.031}, {""cost"": 4774, ""time"": 0.032}, {""cost"": 4760, ""time"": 0.032}, {""cost"": 4676, ""time"": 0.033}, {""cost"": 4592, ""time"": 0.033}, {""cost"": 4508, ""time"": 0.034}, {""cost"": 4368, ""time"": 0.034}, {""cost"": 4284, ""time"": 0.037}, {""cost"": 4186, ""time"": 0.037}, {""cost"": 4158, ""time"": 0.061}, {""cost"": 4130, ""time"": 0.067}, {""cost"": 4102, ""time"": 0.068}, {""cost"": 4018, ""time"": 0.071}, {""cost"": 4004, ""time"": 0.094}, {""cost"": 3990, ""time"": 0.094}, {""cost"": 3976, ""time"": 0.276}, {""cost"": 3962, ""time"": 0.276}, {""cost"": 3920, ""time"": 0.383}, {""cost"": 3878, ""time"": 0.384}, {""cost"": 3836, ""time"": 0.385}, {""cost"": 3808, ""time"": 0.729}, {""cost"": 3766, ""time"": 1.058}, {""cost"": 3724, ""time"": 1.787}, {""cost"": 3682, ""time"": 2.1}, {""cost"": 3668, ""time"": 2.911}, {""cost"": 3654, ""time"": 4.064}]",3654,0.7,"(l1,l3,tr2)",0.85,"(l1,l3,tr2,k3)",0.85,"(l1,l3,tr2,k3)",p2,1,21,3136,518,0.7,0.75,0.75,0.85,0.0,0.2,0.35,0.5,True,0.051,"[{""cost"": [10, 21], ""time"": 0.006}, {""cost"": [9, 21], ""time"": 0.007}, {""cost"": [8, 21], ""time"": 0.008}, {""cost"": [7, 21], ""time"": 0.009}, {""cost"": [6, 22], ""time"": 0.01}, {""cost"": [4, 21], ""time"": 0.013}, {""cost"": [3, 21], ""time"": 0.014}, {""cost"": [2, 22], ""time"": 0.015}, {""cost"": [1, 23], ""time"": 0.048}]",,,,,,,,,,,,,,,,,,,,OK
layered_paper,layered,paper,0,5,2,11,2,0.275,0.982,3500,3,1,many,even,0,1,3654,0,True,7.614,"[{""cost"": 32480, ""time"": 0.007}, {""cost"": 32354, ""time"": 0.008}, {""cost"": 31976, ""time"": 0.008}, {""cost"": 28406, ""time"": 0.009}, {""cost"": 27846, ""time"": 0.009}, {""cost"": 27286, ""time"": 0.01}, {""cost"": 27006, ""time"": 0.01}, {""cost"": 26782, ""time"": 0.011}, {""cost"": 26208, ""time"": 0.011}, {""cost"": 25956, ""time"": 0.012}, {""cost"": 22960, ""time"": 0.012}, {""cost"": 19922, ""time"": 0.012}, {""cost"": 19754, ""time"": 0.013}, {""cost"": 19628, ""time"": 0.013}, {""cost"": 18606, ""time"": 0.013}, {""cost"": 18480, ""time"": 0.014}, {""cost"": 18438, ""time"": 0.014}, {""cost"": 18312, ""time"": 0.015}, {""cost"": 18270, ""time"": 0.015}, {""cost"": 16506, ""time"": 0.015}, {""cost"": 16380, ""time"": 0.016}, {""cost"": 16296, ""time"": 0.016}, {""cost"": 16268, ""time"": 0.017}, {""cost"": 16212, ""time"": 0.017}, {""cost"": 13216, ""time"": 0.018}, {""cost"": 13090, ""time"": 0.018}, {""cost"": 12964, ""time"": 0.019}, {""cost"": 10178, ""time"": 0.019}, {""cost"": 9968, ""time"": 0.02}, {""cost"": 9940, ""time"": 0.02}, {""cost"": 9856, ""time"": 0.02}, {""cost"": 9772, ""time"": 0.021}, {""cost"": 9604, ""time"": 0.021}, {""cost"": 9156, ""time"": 0.022}, {""cost"": 9044, ""time"": 0.022}, {""cost"": 8988, ""time"": 0.023}, {""cost"": 8932, ""time"": 0.023}, {""cost"": 8876, ""time"": 0.024}, {""cost"": 8764, ""time"": 0.024}, {""cost"": 8708, ""time"": 0.024}, {""cost"": 8652, ""time"": 0.025}, {""cost"": 8624, ""time"": 0.025}, {""cost"": 8568, ""time"": 0.025}, {""cost"": 8512, ""time"": 0.026}, {""cost"": 5376, ""time"": 0.026}, {""cost"": 5320, ""time"": 0.027}, {""cost"": 5264, ""time"": 0.027}, {""cost"": 5208, ""time"": 0.028}, {""cost"": 5180, ""time"": 0.028}, {""cost"": 5124, ""time"": 0.029}, {""cost"": 5096, ""time"": 0.029}, {""cost"": 5026, ""time"": 0.03}, {""cost"": 4914, ""time"": 0.031}, {""cost"": 4886, ""time"": 0.031}, {""cost"": 4774, ""time"": 0.032}, {""cost"": 4760, ""time"": 0.032}, {""cost"": 4676, ""time"": 0.033}, {""cost"": 4592, ""time"": 0.033}, {""cost"": 4508, ""time"": 0.034}, {""cost"": 4368, ""time"": 0.034}, {""cost"": 4284, ""time"": 0.037}, {""cost"": 4186, ""time"": 0.037}, {""cost"": 4158, ""time"": 0.061}, {""cost"": 4130, ""time"": 0.067}, {""cost"": 4102, ""time"": 0.068}, {""cost"": 4018, ""time"": 0.071}, {""cost"": 4004, ""time"": 0.094}, {""cost"": 3990, ""time"": 0.094}, {""cost"": 3976, ""time"": 0.276}, {""cost"": 3962, ""time"": 0.276}, {""cost"": 3920, ""time"": 0.383}, {""cost"": 3878, ""time"": 0.384}, {""cost"": 3836, ""time"": 0.385}, {""cost"": 3808, ""time"": 0.729}, {""cost"": 3766, ""time"": 1.058}, {""cost"": 3724, ""time"": 1.787}, {""cost"": 3682, ""time"": 2.1}, {""cost"": 3668, ""time"": 2.911}, {""cost"": 3654, ""time"": 4.064}]",3654,0.7,"(l1,l3,tr2)",0.85,"(l1,l3,tr1,k1)",0.85,"(l1,l3,tr1,k1)",p2,5,10,3654,0,0.7,0.75,0.8,0.85,0.0,0.15,0.25,0.55,True,4.69,"[{""cost"": [18400, 21], ""time"": 0.006}, {""cost"": [18000, 22], ""time"": 0.007}, {""cost"": [15200, 23], ""time"": 0.008}, {""cost"": [14200, 23], ""time"": 0.009}, {""cost"": [12600, 24], ""time"": 0.01}, {""cost"": [12000, 24], ""time"": 0.012}, {""cost"": [11600, 25], ""time"": 0.04}, {""cost"": [11000, 25], ""time"": 0.041}, {""cost"": [10400, 25], ""time"": 0.042}, {""cost"": [10000, 26], ""time"": 0.227}, {""cost"": [9400, 26], ""time"": 0.229}, {""cost"": [9000, 27], ""time"": 0.771}, {""cost"": [8400, 27], ""time"": 0.773}]",,,,,,,,,,,,,,,,,,,,OK
layered_paper,layered,paper,0,5,2,11,2,0.275,0.982,3500,3,1,many,full,1,1,3654,0,True,7.614,"[{""cost"": 32480, ""time"": 0.007}, {""cost"": 32354, ""time"": 0.008}, {""cost"": 31976, ""time"": 0.008}, {""cost"": 28406, ""time"": 0.009}, {""cost"": 27846, ""time"": 0.009}, {""cost"": 27286, ""time"": 0.01}, {""cost"": 27006, ""time"": 0.01}, {""cost"": 26782, ""time"": 0.011}, {""cost"": 26208, ""time"": 0.011}, {""cost"": 25956, ""time"": 0.012}, {""cost"": 22960, ""time"": 0.012}, {""cost"": 19922, ""time"": 0.012}, {""cost"": 19754, ""time"": 0.013}, {""cost"": 19628, ""time"": 0.013}, {""cost"": 18606, ""time"": 0.013}, {""cost"": 18480, ""time"": 0.014}, {""cost"": 18438, ""time"": 0.014}, {""cost"": 18312, ""time"": 0.015}, {""cost"": 18270, ""time"": 0.015}, {""cost"": 16506, ""time"": 0.015}, {""cost"": 16380, ""time"": 0.016}, {""cost"": 16296, ""time"": 0.016}, {""cost"": 16268, ""time"": 0.017}, {""cost"": 16212, ""time"": 0.017}, {""cost"": 13216, ""time"": 0.018}, {""cost"": 13090, ""time"": 0.018}, {""cost"": 12964, ""time"": 0.019}, {""cost"": 10178, ""time"": 0.019}, {""cost"": 9968, ""time"": 0.02}, {""cost"": 9940, ""time"": 0.02}, {""cost"": 9856, ""time"": 0.02}, {""cost"": 9772, ""time"": 0.021}, {""cost"": 9604, ""time"": 0.021}, {""cost"": 9156, ""time"": 0.022}, {""cost"": 9044, ""time"": 0.022}, {""cost"": 8988, ""time"": 0.023}, {""cost"": 8932, ""time"": 0.023}, {""cost"": 8876, ""time"": 0.024}, {""cost"": 8764, ""time"": 0.024}, {""cost"": 8708, ""time"": 0.024}, {""cost"": 8652, ""time"": 0.025}, {""cost"": 8624, ""time"": 0.025}, {""cost"": 8568, ""time"": 0.025}, {""cost"": 8512, ""time"": 0.026}, {""cost"": 5376, ""time"": 0.026}, {""cost"": 5320, ""time"": 0.027}, {""cost"": 5264, ""time"": 0.027}, {""cost"": 5208, ""time"": 0.028}, {""cost"": 5180, ""time"": 0.028}, {""cost"": 5124, ""time"": 0.029}, {""cost"": 5096, ""time"": 0.029}, {""cost"": 5026, ""time"": 0.03}, {""cost"": 4914, ""time"": 0.031}, {""cost"": 4886, ""time"": 0.031}, {""cost"": 4774, ""time"": 0.032}, {""cost"": 4760, ""time"": 0.032}, {""cost"": 4676, ""time"": 0.033}, {""cost"": 4592, ""time"": 0.033}, {""cost"": 4508, ""time"": 0.034}, {""cost"": 4368, ""time"": 0.034}, {""cost"": 4284, ""time"": 0.037}, {""cost"": 4186, ""time"": 0.037}, {""cost"": 4158, ""time"": 0.061}, {""cost"": 4130, ""time"": 0.067}, {""cost"": 4102, ""time"": 0.068}, {""cost"": 4018, ""time"": 0.071}, {""cost"": 4004, ""time"": 0.094}, {""cost"": 3990, ""time"": 0.094}, {""cost"": 3976, ""time"": 0.276}, {""cost"": 3962, ""time"": 0.276}, {""cost"": 3920, ""time"": 0.383}, {""cost"": 3878, ""time"": 0.384}, {""cost"": 3836, ""time"": 0.385}, {""cost"": 3808, ""time"": 0.729}, {""cost"": 3766, ""time"": 1.058}, {""cost"": 3724, ""time"": 1.787}, {""cost"": 3682, ""time"": 2.1}, {""cost"": 3668, ""time"": 2.911}, {""cost"": 3654, ""time"": 4.064}]",3654,0.7,"(l1,l3,tr2)",0.85,"(l3,l5,tr1,k1)",0.85,"(l3,l5,tr1,k1)",p2,4,10,3654,0,0.7,0.75,0.8,0.85,0.0,0.15,0.25,0.55,True,5.155,"[{""cost"": [18410, 21], ""time"": 0.011}, {""cost"": [18409, 21], ""time"": 0.012}, {""cost"": [18408, 21], ""time"": 0.013}, {""cost"": [18407, 21], ""time"": 0.016}, {""cost"": [14806, 23], ""time"": 0.018}, {""cost"": [14206, 23], ""time"": 0.021}, {""cost"": [14205, 23], ""time"": 0.024}, {""cost"": [14204, 23], ""time"": 0.025}, {""cost"": [14202, 23], ""time"": 0.028}, {""cost"": [13603, 23], ""time"": 0.029}, {""cost"": [12003, 24], ""time"": 0.031}, {""cost"": [11606, 25], ""time"": 0.041}, {""cost"": [11007, 25], ""time"": 0.042}, {""cost"": [11005, 25], ""time"": 0.05}, {""cost"": [10406, 25], ""time"": 0.053}, {""cost"": [10006, 26], ""time"": 0.075}, {""cost"": [9405, 26], ""time"": 0.085}, {""cost"": [9402, 27], ""time"": 0.585}, {""cost"": [9005, 27], ""time"": 0.955}, {""cost"": [8404, 27], ""time"": 0.958}]",,,,,,,,,,,,,,,,,,,,OK
