instance,class,experiment,s1_name,s2_name,sweep_param,sweep_weight,s1_cost,s1_time,s1_optimal,s2_cost,s2_time,s2_optimal,total_trips,total_used_trips,R_1,R_TR,R_arc,A_1,concentrated_trips,mono_trips,overloaded_trips,empty_trips,max_concentration,s1_transport_cost,s1_underdiversified
medium_seed1,medium,ablation,S1-COST,S2-BASE,,,0,28.494,True,[],0.039,False,380,361,0.0,0.0,0.7879,1.0,216,218,280,19,1.0,112046,103
medium_seed1,medium,ablation,S1-COST,S2-EVEN,,,0,28.494,True,[98603],60.022,False,380,340,0.0,0.0,0.7879,1.0,68,39,117,40,1.0,112046,103
medium_seed1,medium,ablation,S1-COST,S2-HET,,,0,28.494,True,"[105, 98468]",60.019,False,380,340,0.0,0.0,0.7879,1.0,143,21,228,40,1.0,112046,103
medium_seed1,medium,ablation,S1-COST,S2-WC,,,0,28.494,True,"[430, 102170]",60.021,False,380,349,0.0,0.0,0.7879,1.0,37,59,191,31,1.0,112046,103
medium_seed1,medium,ablation,S1-COST,S2-FULL,,,0,28.494,True,"[760, 290, 104565]",60.025,False,380,357,0.0,0.0,0.7879,1.0,69,58,150,23,1.0,112046,103
medium_seed1,medium,ablation,S1-COST,S2-VALW,,,0,28.494,True,"[46505, 375, 106940]",60.025,False,380,360,0.0,0.0,0.7879,1.0,69,75,164,20,1.0,112046,103
medium_seed1,medium,ablation,S1-DIV,S2-BASE,,,255,119.218,False,[],0.041,False,380,366,0.0,0.0,0.7273,1.0,203,215,282,14,1.0,105522,51
medium_seed1,medium,ablation,S1-DIV,S2-EVEN,,,255,119.218,False,[98144],60.024,False,380,347,0.0,0.0,0.7273,1.0,69,49,132,33,1.0,105522,51
medium_seed1,medium,ablation,S1-DIV,S2-HET,,,255,119.218,False,"[85, 97990]",60.021,False,380,347,0.0,0.0,0.7273,1.0,136,17,217,33,1.0,105522,51
medium_seed1,medium,ablation,S1-DIV,S2-WC,,,255,119.218,False,"[350, 98842]",60.023,False,380,352,0.0,0.0,0.7273,1.0,30,60,195,28,1.0,105522,51
medium_seed1,medium,ablation,S1-DIV,S2-FULL,,,255,119.218,False,"[780, 260, 101851]",60.029,False,380,361,0.0,0.0,0.7273,1.0,72,52,157,19,1.0,105522,51
medium_seed1,medium,ablation,S1-DIV,S2-VALW,,,255,119.218,False,"[43231, 270, 101058]",60.028,False,380,360,0.0,0.0,0.7273,1.0,71,54,160,20,1.0,105522,51
medium_seed3,medium,ablation,S1-COST,S2-BASE,,,0,29.997,True,[],0.034,False,398,389,0.0,0.0,0.9412,1.0,149,217,246,9,1.0,90977,115
medium_seed3,medium,ablation,S1-COST,S2-EVEN,,,0,29.997,True,[84512],60.022,False,398,371,0.0,0.0,0.9412,1.0,35,65,74,27,1.0,90977,115
medium_seed3,medium,ablation,S1-COST,S2-HET,,,0,29.997,True,"[160, 88128]",60.02,False,398,385,0.0,0.0,0.9412,1.0,59,32,134,13,1.0,90977,115
medium_seed3,medium,ablation,S1-COST,S2-WC,,,0,29.997,True,"[110, 88169]",60.024,False,398,386,0.0,0.0,0.9412,1.0,11,96,137,12,1.0,90977,115
medium_seed3,medium,ablation,S1-COST,S2-FULL,,,0,29.997,True,"[220, 215, 88550]",60.026,False,398,388,0.0,0.0,0.9412,1.0,21,43,49,10,1.0,90977,115
medium_seed3,medium,ablation,S1-COST,S2-VALW,,,0,29.997,True,"[14401, 280, 88439]",60.026,False,398,387,0.0,0.0,0.9412,1.0,19,56,64,11,1.0,90977,115
medium_seed3,medium,ablation,S1-DIV,S2-BASE,,,305,119.298,False,[],0.034,False,335,330,0.0,0.0,0.85,1.0,151,188,210,5,1.0,75992,61
medium_seed3,medium,ablation,S1-DIV,S2-EVEN,,,305,119.298,False,[72369],60.022,False,335,317,0.0,0.0,0.85,1.0,32,58,42,18,1.0,75992,61
medium_seed3,medium,ablation,S1-DIV,S2-HET,,,305,119.298,False,"[170, 73741]",60.021,False,335,322,0.0,0.0,0.85,1.0,87,34,123,13,1.0,75992,61
medium_seed3,medium,ablation,S1-DIV,S2-WC,,,305,119.298,False,"[180, 74503]",60.026,False,335,327,0.0,0.0,0.85,1.0,18,88,97,8,1.0,75992,61
medium_seed3,medium,ablation,S1-DIV,S2-FULL,,,305,119.298,False,"[230, 220, 74374]",60.027,False,335,326,0.0,0.0,0.85,1.0,23,44,35,9,1.0,75992,61
medium_seed3,medium,ablation,S1-DIV,S2-VALW,,,305,119.298,False,"[27333, 280, 74559]",60.027,False,335,328,0.0,0.0,0.85,1.0,36,56,56,7,1.0,75992,61
medium_seed4,medium,ablation,S1-COST,S2-BASE,,,0,10.335,True,[],0.059,False,439,428,0.0,0.0,0.9231,1.0,236,200,361,11,1.0,207742,98
medium_seed4,medium,ablation,S1-COST,S2-EVEN,,,0,10.335,True,[177543],60.024,False,439,376,0.0,0.0,0.9231,1.0,118,26,262,63,1.0,207742,98
medium_seed4,medium,ablation,S1-COST,S2-HET,,,0,10.335,True,"[10, 177212]",60.024,False,439,376,0.0,0.0,0.9231,1.0,185,2,335,63,1.0,207742,98
medium_seed4,medium,ablation,S1-COST,S2-WC,,,0,10.335,True,"[630, 182226]",60.024,False,439,385,0.0,0.0,0.9231,1.0,54,36,306,54,1.0,207742,98
medium_seed4,medium,ablation,S1-COST,S2-FULL,,,0,10.335,True,"[1240, 400, 191897]",60.037,False,439,407,0.0,0.0,0.9231,1.0,113,80,287,32,1.0,207742,98
medium_seed4,medium,ablation,S1-COST,S2-VALW,,,0,10.335,True,"[82415, 355, 190419]",60.039,False,439,403,0.0,0.0,0.9231,1.0,116,71,283,36,1.0,207742,98
medium_seed4,medium,ablation,S1-DIV,S2-BASE,,,0,35.604,True,[],0.045,False,333,320,0.0,0.0213,0.6923,1.0,196,144,261,13,1.0,150732,0
medium_seed4,medium,ablation,S1-DIV,S2-EVEN,,,0,35.604,True,[134489],60.023,False,333,299,0.0,0.0213,0.6923,1.0,86,10,130,34,1.0,150732,0
medium_seed4,medium,ablation,S1-DIV,S2-HET,,,0,35.604,True,"[0, 134328]",60.023,False,333,299,0.0,0.0213,0.6923,1.0,157,0,237,34,1.0,150732,0
medium_seed4,medium,ablation,S1-DIV,S2-WC,,,0,35.604,True,"[570, 139504]",60.024,False,333,306,0.0,0.0213,0.6923,1.0,43,30,197,27,1.0,150732,0
medium_seed4,medium,ablation,S1-DIV,S2-FULL,,,0,35.604,True,"[910, 120, 141882]",60.027,False,333,313,0.0,0.0213,0.6923,1.0,76,24,136,20,1.0,150732,0
medium_seed4,medium,ablation,S1-DIV,S2-VALW,,,0,35.604,True,"[56576, 115, 140775]",60.027,False,333,309,0.0,0.0213,0.6923,1.0,70,23,146,24,1.0,150732,0
medium_seed5,medium,ablation,S1-COST,S2-BASE,,,0,16.359,True,[],0.032,False,400,387,0.0,0.0,0.6977,1.0,168,239,280,13,1.0,124065,114
medium_seed5,medium,ablation,S1-COST,S2-EVEN,,,0,16.359,True,[115717],60.021,False,400,366,0.0,0.0,0.6977,1.0,46,63,92,34,1.0,124065,114
medium_seed5,medium,ablation,S1-COST,S2-HET,,,0,16.359,True,"[170, 116968]",60.019,False,400,372,0.0,0.0,0.6977,1.0,70,34,152,28,1.0,124065,114
medium_seed5,medium,ablation,S1-COST,S2-WC,,,0,16.359,True,"[150, 117879]",60.022,False,400,379,0.0,0.0,0.6977,1.0,15,96,162,21,1.0,124065,114
medium_seed5,medium,ablation,S1-COST,S2-FULL,,,0,16.359,True,"[370, 370, 120412]",60.025,False,400,386,0.0,0.0,0.6977,1.0,35,74,97,14,1.0,124065,114
medium_seed5,medium,ablation,S1-COST,S2-VALW,,,0,16.359,True,"[17318, 320, 119002]",60.028,False,400,383,0.0,0.0,0.6977,1.0,31,64,103,17,1.0,124065,114
medium_seed5,medium,ablation,S1-DIV,S2-BASE,,,415,119.26,False,[],0.031,False,378,368,0.0,0.0,0.7568,1.0,182,251,261,10,1.0,115546,83
medium_seed5,medium,ablation,S1-DIV,S2-EVEN,,,415,119.26,False,[106417],60.022,False,378,342,0.0,0.0,0.7568,1.0,67,62,85,36,1.0,115546,83
medium_seed5,medium,ablation,S1-DIV,S2-HET,,,415,119.26,False,"[130, 107583]",60.02,False,378,349,0.0,0.0,0.7568,1.0,95,26,139,29,1.0,115546,83
medium_seed5,medium,ablation,S1-DIV,S2-WC,,,415,119.26,False,"[230, 108446]",60.021,False,378,355,0.0,0.0,0.7568,1.0,21,85,116,23,1.0,115546,83
medium_seed5,medium,ablation,S1-DIV,S2-FULL,,,415,119.26,False,"[410, 205, 110037]",60.025,False,378,360,0.0,0.0,0.7568,1.0,40,41,76,18,1.0,115546,83
medium_seed5,medium,ablation,S1-DIV,S2-VALW,,,415,119.26,False,"[20025, 245, 108415]",60.023,False,378,356,0.0,0.0,0.7568,1.0,36,49,76,22,1.0,115546,83
