solver,instance,instance_size,num_bins,threads,configuration,run,ground_time,solve_time,total_time,cost,optimum,satisfiable,choices,conflicts,restarts,atoms
naive_optimised,layered_small_seed1,small,3,1,default,1,0.402,60.005,60.407,12216,False,True,1133863,315773,836,611792
naive_optimised,layered_small_seed1,small,3,1,default,2,0.44,60.006,60.447,12216,False,True,1143267,318238,849,611792
naive_optimised,layered_small_seed1,small,3,1,default,3,0.398,60.009,60.406,12216,False,True,1122261,311840,828,611792
naive_optimised,layered_small_seed1,small,3,4,default,1,0.445,60.089,60.534,13600,False,True,1841732,497853,509,611792
naive_optimised,layered_small_seed1,small,3,4,default,2,0.405,60.167,60.572,12142,False,True,2379373,669795,596,611792
naive_optimised,layered_small_seed1,small,3,4,default,3,0.42,60.177,60.598,12450,False,True,1552914,534773,542,611792
naive_optimised,layered_small_seed1,small,3,1,frumpy,1,0.411,60.067,60.479,17036,False,True,2059242,245433,15,608476
naive_optimised,layered_small_seed1,small,3,1,frumpy,2,0.399,60.073,60.471,17036,False,True,2084833,246383,15,608476
naive_optimised,layered_small_seed1,small,3,1,frumpy,3,0.475,60.167,60.642,17036,False,True,1978964,240727,15,608476
naive_optimised,layered_small_seed1,small,3,4,frumpy,1,0.431,60.903,61.334,14394,False,True,7835476,714976,64,608476
naive_optimised,layered_small_seed1,small,3,4,frumpy,2,0.4,60.21,60.61,14300,False,True,7109965,662543,63,608476
naive_optimised,layered_small_seed1,small,3,4,frumpy,3,0.412,60.604,61.016,13210,False,True,7472407,614858,62,608476
naive_optimised,layered_small_seed1,small,3,1,handy,1,0.412,60.008,60.42,12142,False,True,1206257,355499,500,611792
naive_optimised,layered_small_seed1,small,3,1,handy,2,0.396,60.008,60.405,12142,False,True,1207872,356096,503,611792
naive_optimised,layered_small_seed1,small,3,1,handy,3,0.399,60.005,60.404,12142,False,True,1208815,356632,503,611792
naive_optimised,layered_small_seed1,small,3,4,handy,1,0.418,60.016,60.434,12216,False,True,3041149,884823,1240,611792
naive_optimised,layered_small_seed1,small,3,4,handy,2,0.396,60.012,60.408,12142,False,True,2300433,628233,991,611792
naive_optimised,layered_small_seed1,small,3,4,handy,3,0.393,60.014,60.407,12142,False,True,2390307,690290,1024,611792
naive_optimised,layered_small_seed1,small,3,1,trendy,1,0.403,60.013,60.416,12680,False,True,1127484,321722,421,611792
naive_optimised,layered_small_seed1,small,3,1,trendy,2,0.405,60.008,60.413,12680,False,True,1129123,322269,421,611792
naive_optimised,layered_small_seed1,small,3,1,trendy,3,0.41,60.01,60.42,12680,False,True,1132124,323595,421,611792
naive_optimised,layered_small_seed1,small,3,4,trendy,1,0.409,60.007,60.416,12142,False,True,2489619,732485,1039,611792
naive_optimised,layered_small_seed1,small,3,4,trendy,2,0.412,60.016,60.428,12142,False,True,2434913,675783,1095,611792
naive_optimised,layered_small_seed1,small,3,4,trendy,3,0.427,60.016,60.443,12142,False,True,2542115,726372,1023,611792
naive_optimised,layered_small_seed1,small,3,1,many,1,0.421,60.003,60.424,12216,False,True,1157341,323132,874,611792
naive_optimised,layered_small_seed1,small,3,1,many,2,0.444,60.013,60.456,12216,False,True,1156431,322664,872,611792
naive_optimised,layered_small_seed1,small,3,1,many,3,0.417,60.012,60.429,12216,False,True,1156017,322467,869,611792
naive_optimised,layered_small_seed1,small,3,4,many,1,0.391,60.17,60.562,12366,False,True,1554787,464296,455,611792
naive_optimised,layered_small_seed1,small,3,4,many,2,0.416,60.055,60.471,12740,False,True,2517900,569793,570,611792
naive_optimised,layered_small_seed1,small,3,4,many,3,0.399,60.086,60.485,12216,False,True,2428458,500073,346,611792
naive_optimised,layered_small_seed2,small,3,1,default,1,0.697,60.019,60.717,3929,False,True,970876,185906,509,929387
naive_optimised,layered_small_seed2,small,3,1,default,2,0.659,60.012,60.672,3929,False,True,1011009,193315,510,929387
naive_optimised,layered_small_seed2,small,3,1,default,3,0.647,60.014,60.661,3929,False,True,992620,190043,510,929387
naive_optimised,layered_small_seed2,small,3,4,default,1,0.679,60.416,61.095,4115,False,True,2371452,380889,300,929387
naive_optimised,layered_small_seed2,small,3,4,default,2,0.7,60.102,60.802,3929,False,True,3863791,418620,297,929387
naive_optimised,layered_small_seed2,small,3,4,default,3,0.668,60.144,60.812,3929,False,True,4490147,410016,335,929387
naive_optimised,layered_small_seed2,small,3,1,frumpy,1,0.705,60.011,60.716,5244,False,True,4365103,163463,14,924765
naive_optimised,layered_small_seed2,small,3,1,frumpy,2,0.662,60.013,60.674,5300,False,True,4260481,157161,14,924765
naive_optimised,layered_small_seed2,small,3,1,frumpy,3,0.719,60.023,60.743,5244,False,True,4360154,163123,14,924765
naive_optimised,layered_small_seed2,small,3,4,frumpy,1,0.649,60.88,61.529,4225,False,True,7409418,451132,60,924765
naive_optimised,layered_small_seed2,small,3,4,frumpy,2,0.669,60.104,60.773,4281,False,True,10283154,597386,62,924765
naive_optimised,layered_small_seed2,small,3,4,frumpy,3,0.648,60.707,61.355,4061,False,True,8763543,520310,61,924765
naive_optimised,layered_small_seed2,small,3,1,handy,1,0.675,60.005,60.68,4790,False,True,969083,250452,253,929387
naive_optimised,layered_small_seed2,small,3,1,handy,2,0.651,60.013,60.664,4790,False,True,980279,254021,256,929387
naive_optimised,layered_small_seed2,small,3,1,handy,3,0.638,60.006,60.644,4790,False,True,985698,256118,258,929387
naive_optimised,layered_small_seed2,small,3,4,handy,1,0.628,60.013,60.642,3929,False,True,2408055,556882,810,929387
naive_optimised,layered_small_seed2,small,3,4,handy,2,0.624,60.016,60.641,3929,False,True,2464420,576391,890,929387
naive_optimised,layered_small_seed2,small,3,4,handy,3,0.625,60.015,60.64,3929,False,True,2346731,587319,823,929387
naive_optimised,layered_small_seed2,small,3,1,trendy,1,0.645,60.013,60.659,3929,False,True,1114796,270459,223,929387
naive_optimised,layered_small_seed2,small,3,1,trendy,2,0.648,60.007,60.655,3929,False,True,1117844,271181,226,929387
naive_optimised,layered_small_seed2,small,3,1,trendy,3,0.621,60.013,60.634,3929,False,True,1108620,268649,217,929387
naive_optimised,layered_small_seed2,small,3,4,trendy,1,0.645,60.023,60.668,3929,False,True,2407603,600357,872,929387
naive_optimised,layered_small_seed2,small,3,4,trendy,2,0.626,60.016,60.643,3929,False,True,2085664,546083,690,929387
naive_optimised,layered_small_seed2,small,3,4,trendy,3,0.648,60.016,60.665,3929,False,True,2296824,561623,864,929387
naive_optimised,layered_small_seed2,small,3,1,many,1,0.624,60.012,60.636,3929,False,True,1024775,194803,510,929387
naive_optimised,layered_small_seed2,small,3,1,many,2,0.631,60.008,60.639,3929,False,True,1024292,194712,510,929387
naive_optimised,layered_small_seed2,small,3,1,many,3,0.622,60.008,60.629,3929,False,True,1014831,193697,510,929387
naive_optimised,layered_small_seed2,small,3,4,many,1,0.635,60.106,60.741,4492,False,True,3772514,461726,377,929387
naive_optimised,layered_small_seed2,small,3,4,many,2,0.672,60.129,60.802,3929,False,True,3892396,341715,300,929387
naive_optimised,layered_small_seed2,small,3,4,many,3,0.689,60.189,60.878,3929,False,True,3699489,378805,273,929387
naive_optimised,layered_small_seed3,small,3,1,default,1,0.283,60.011,60.294,11668,False,True,1270624,324798,834,419657
naive_optimised,layered_small_seed3,small,3,1,default,2,0.275,60.004,60.278,11668,False,True,1263995,321988,828,419657
naive_optimised,layered_small_seed3,small,3,1,default,3,0.28,60.009,60.289,11668,False,True,1271938,325308,836,419657
naive_optimised,layered_small_seed3,small,3,4,default,1,0.268,60.118,60.386,12044,False,True,3353217,621070,563,419657
naive_optimised,layered_small_seed3,small,3,4,default,2,0.286,60.071,60.357,14500,False,True,4880371,894715,806,419657
naive_optimised,layered_small_seed3,small,3,4,default,3,0.277,60.079,60.356,11940,False,True,2235493,577260,623,419657
naive_optimised,layered_small_seed3,small,3,1,frumpy,1,0.278,60.033,60.311,19508,False,True,2633397,281688,17,416573
naive_optimised,layered_small_seed3,small,3,1,frumpy,2,0.278,60.027,60.305,19508,False,True,2634894,281987,17,416573
naive_optimised,layered_small_seed3,small,3,1,frumpy,3,0.277,60.035,60.311,19508,False,True,2639896,283590,17,416573
naive_optimised,layered_small_seed3,small,3,4,frumpy,1,0.269,60.06,60.33,20332,False,True,6552266,741648,65,416573
naive_optimised,layered_small_seed3,small,3,4,frumpy,2,0.267,60.21,60.477,13648,False,True,7176553,816553,65,416573
naive_optimised,layered_small_seed3,small,3,4,frumpy,3,0.272,60.078,60.35,18484,False,True,6244532,667581,63,416573
naive_optimised,layered_small_seed3,small,3,1,handy,1,0.291,60.008,60.298,11024,False,True,1172558,386387,568,419657
naive_optimised,layered_small_seed3,small,3,1,handy,2,0.271,60.006,60.277,11024,False,True,1186935,389397,576,419657
naive_optimised,layered_small_seed3,small,3,1,handy,3,0.269,60.004,60.273,11024,False,True,1188565,389765,576,419657
naive_optimised,layered_small_seed3,small,3,4,handy,1,0.268,60.015,60.283,11192,False,True,2726309,815938,1215,419657
naive_optimised,layered_small_seed3,small,3,4,handy,2,0.258,60.015,60.273,11024,False,True,2651553,817594,1179,419657
naive_optimised,layered_small_seed3,small,3,4,handy,3,0.269,60.007,60.277,11564,False,True,2683300,816122,1227,419657
naive_optimised,layered_small_seed3,small,3,1,trendy,1,0.272,60.012,60.284,11304,False,True,1250666,356940,539,419657
naive_optimised,layered_small_seed3,small,3,1,trendy,2,0.274,60.013,60.287,11304,False,True,1251297,357342,539,419657
naive_optimised,layered_small_seed3,small,3,1,trendy,3,0.264,60.012,60.276,11304,False,True,1248891,356241,539,419657
naive_optimised,layered_small_seed3,small,3,4,trendy,1,0.272,60.015,60.287,11096,False,True,2604195,777744,1254,419657
naive_optimised,layered_small_seed3,small,3,4,trendy,2,0.268,60.019,60.287,11024,False,True,2763746,840492,1235,419657
naive_optimised,layered_small_seed3,small,3,4,trendy,3,0.26,60.019,60.279,11024,False,True,2609688,780689,1084,419657
naive_optimised,layered_small_seed3,small,3,1,many,1,0.274,60.002,60.276,11668,False,True,1277592,327714,849,419657
naive_optimised,layered_small_seed3,small,3,1,many,2,0.274,60.012,60.285,11668,False,True,1264641,322155,828,419657
naive_optimised,layered_small_seed3,small,3,1,many,3,0.281,60.004,60.285,11668,False,True,1263385,321734,828,419657
naive_optimised,layered_small_seed3,small,3,4,many,1,0.284,60.092,60.376,11056,False,True,2741195,594162,572,419657
naive_optimised,layered_small_seed3,small,3,4,many,2,0.275,60.106,60.38,11516,False,True,3329854,613591,586,419657
naive_optimised,layered_small_seed3,small,3,4,many,3,0.282,60.101,60.382,12608,False,True,3228276,575693,594,419657
naive_optimised,layered_small_seed4,small,3,1,default,1,0.444,60.012,60.457,8704,False,True,1206925,257232,573,612036
naive_optimised,layered_small_seed4,small,3,1,default,2,0.413,60.015,60.428,8704,False,True,1208161,257754,573,612036
naive_optimised,layered_small_seed4,small,3,1,default,3,0.413,60.007,60.42,8704,False,True,1206272,256858,573,612036
naive_optimised,layered_small_seed4,small,3,4,default,1,0.418,60.11,60.528,8608,False,True,1880805,443166,414,612036
naive_optimised,layered_small_seed4,small,3,4,default,2,0.42,60.064,60.484,9480,False,True,2547601,467446,508,612036
naive_optimised,layered_small_seed4,small,3,4,default,3,0.42,60.109,60.529,9152,False,True,1850122,476980,480,612036
naive_optimised,layered_small_seed4,small,3,1,frumpy,1,0.405,60.212,60.617,22584,False,True,2920289,146450,16,608476
naive_optimised,layered_small_seed4,small,3,1,frumpy,2,0.402,60.227,60.629,22584,False,True,2913840,145740,16,608476
naive_optimised,layered_small_seed4,small,3,1,frumpy,3,0.414,60.285,60.699,22584,False,True,2920228,146423,16,608476
naive_optimised,layered_small_seed4,small,3,4,frumpy,1,0.417,60.114,60.531,12408,False,True,7627183,552238,62,608476
naive_optimised,layered_small_seed4,small,3,4,frumpy,2,0.409,60.208,60.617,19744,False,True,5799711,416317,60,608476
naive_optimised,layered_small_seed4,small,3,4,frumpy,3,0.409,60.329,60.738,12544,False,True,5615117,415139,59,608476
naive_optimised,layered_small_seed4,small,3,1,handy,1,0.42,60.007,60.427,8480,False,True,1065849,277628,352,612036
naive_optimised,layered_small_seed4,small,3,1,handy,2,0.419,60.011,60.431,8480,False,True,1069543,279227,355,612036
naive_optimised,layered_small_seed4,small,3,1,handy,3,0.395,60.012,60.406,8480,False,True,1086347,285107,359,612036
naive_optimised,layered_small_seed4,small,3,4,handy,1,0.395,60.014,60.409,8680,False,True,2259202,620634,951,612036
naive_optimised,layered_small_seed4,small,3,4,handy,2,0.391,60.014,60.405,8480,False,True,2176351,565132,886,612036
naive_optimised,layered_small_seed4,small,3,4,handy,3,0.395,60.015,60.409,8488,False,True,2111056,569103,832,612036
naive_optimised,layered_small_seed4,small,3,1,trendy,1,0.413,60.012,60.425,8584,False,True,946086,244478,356,612036
naive_optimised,layered_small_seed4,small,3,1,trendy,2,0.395,60.015,60.41,8584,False,True,945387,244115,356,612036
naive_optimised,layered_small_seed4,small,3,1,trendy,3,0.41,60.016,60.426,8584,False,True,939419,242137,354,612036
naive_optimised,layered_small_seed4,small,3,4,trendy,1,0.559,60.016,60.575,8480,False,True,2165802,570015,933,612036
naive_optimised,layered_small_seed4,small,3,4,trendy,2,0.42,60.015,60.435,8480,False,True,2065224,535582,871,612036
naive_optimised,layered_small_seed4,small,3,4,trendy,3,0.41,60.02,60.43,8552,False,True,2032592,536120,868,612036
naive_optimised,layered_small_seed4,small,3,1,many,1,0.425,60.011,60.436,8704,False,True,1209287,258248,576,612036
naive_optimised,layered_small_seed4,small,3,1,many,2,0.391,60.018,60.409,8704,False,True,1208547,257906,573,612036
naive_optimised,layered_small_seed4,small,3,1,many,3,0.403,60.012,60.415,8704,False,True,1209088,258146,575,612036
naive_optimised,layered_small_seed4,small,3,4,many,1,0.47,60.187,60.657,8824,False,True,2889293,409857,479,612036
naive_optimised,layered_small_seed4,small,3,4,many,2,0.411,60.223,60.634,9352,False,True,1806852,397474,383,612036
naive_optimised,layered_small_seed4,small,3,4,many,3,0.415,60.064,60.479,8552,False,True,2537377,545982,513,612036
naive_optimised,layered_small_seed5,small,3,1,default,1,0.838,60.013,60.851,23100,False,True,739880,145591,443,1134979
naive_optimised,layered_small_seed5,small,3,1,default,2,0.806,60.012,60.818,23100,False,True,742009,146403,443,1134979
naive_optimised,layered_small_seed5,small,3,1,default,3,0.808,60.014,60.822,23100,False,True,739867,145584,443,1134979
naive_optimised,layered_small_seed5,small,3,4,default,1,0.836,60.47,61.306,23205,False,True,1407124,320217,365,1134979
naive_optimised,layered_small_seed5,small,3,4,default,2,0.853,60.658,61.511,16905,False,True,1647468,254282,276,1134979
naive_optimised,layered_small_seed5,small,3,4,default,3,0.831,60.105,60.936,17955,False,True,1260265,281378,346,1134979
naive_optimised,layered_small_seed5,small,3,1,frumpy,1,0.805,60.017,60.821,25270,False,True,3134267,114835,15,1130101
naive_optimised,layered_small_seed5,small,3,1,frumpy,2,0.798,60.018,60.816,25270,False,True,3179651,116811,15,1130101
naive_optimised,layered_small_seed5,small,3,1,frumpy,3,0.787,60.009,60.797,25270,False,True,3213421,117670,15,1130101
naive_optimised,layered_small_seed5,small,3,4,frumpy,1,0.823,60.502,61.325,29155,False,True,4790341,274588,55,1130101
naive_optimised,layered_small_seed5,small,3,4,frumpy,2,0.815,60.184,60.999,31325,False,True,4937534,277075,55,1130101
naive_optimised,layered_small_seed5,small,3,4,frumpy,3,0.806,60.402,61.207,47180,False,True,4702571,253818,54,1130101
naive_optimised,layered_small_seed5,small,3,1,handy,1,0.845,60.005,60.85,16135,False,True,910244,168239,286,1134979
naive_optimised,layered_small_seed5,small,3,1,handy,2,0.783,60.009,60.792,16135,False,True,917419,170730,291,1134979
naive_optimised,layered_small_seed5,small,3,1,handy,3,0.808,60.01,60.818,16135,False,True,917843,170997,291,1134979
naive_optimised,layered_small_seed5,small,3,4,handy,1,0.81,60.02,60.83,20510,False,True,1831826,313847,526,1134979
naive_optimised,layered_small_seed5,small,3,4,handy,2,0.809,60.022,60.83,15050,False,True,1816904,263053,487,1134979
naive_optimised,layered_small_seed5,small,3,4,handy,3,0.855,60.011,60.866,16730,False,True,2157806,341545,696,1134979
naive_optimised,layered_small_seed5,small,3,1,trendy,1,0.793,60.01,60.803,16730,False,True,1008186,177254,347,1134979
naive_optimised,layered_small_seed5,small,3,1,trendy,2,0.795,60.008,60.803,16730,False,True,1026130,179581,353,1134979
naive_optimised,layered_small_seed5,small,3,1,trendy,3,0.793,60.01,60.803,16730,False,True,1029089,180471,355,1134979
naive_optimised,layered_small_seed5,small,3,4,trendy,1,0.774,60.014,60.788,18235,False,True,2132161,369270,714,1134979
naive_optimised,layered_small_seed5,small,3,4,trendy,2,0.859,60.018,60.876,18445,False,True,1892777,348871,680,1134979
naive_optimised,layered_small_seed5,small,3,4,trendy,3,0.851,60.022,60.873,16065,False,True,1841018,320600,567,1134979
naive_optimised,layered_small_seed5,small,3,1,many,1,0.785,60.012,60.798,23100,False,True,788670,156372,475,1134979
naive_optimised,layered_small_seed5,small,3,1,many,2,0.812,60.013,60.825,23100,False,True,790136,156750,475,1134979
naive_optimised,layered_small_seed5,small,3,1,many,3,0.777,60.003,60.781,23100,False,True,787464,155955,475,1134979
naive_optimised,layered_small_seed5,small,3,4,many,1,0.808,60.172,60.98,20440,False,True,1551026,339542,289,1134979
naive_optimised,layered_small_seed5,small,3,4,many,2,0.852,60.284,61.135,16205,False,True,1731634,349239,402,1134979
naive_optimised,layered_small_seed5,small,3,4,many,3,0.813,60.078,60.891,20790,False,True,1763125,283152,363,1134979
clingcon,layered_small_seed1,small,3,1,default,1,0.006,60.013,60.019,31716,False,True,3142192,1542729,14144,2492
clingcon,layered_small_seed1,small,3,1,default,2,0.005,60.012,60.016,31716,False,True,3116197,1528557,14008,2492
clingcon,layered_small_seed1,small,3,1,default,3,0.005,60.087,60.092,31716,False,True,3124599,1532985,14071,2492
clingcon,layered_small_seed1,small,3,4,default,1,0.005,60.012,60.017,17510,False,True,14357173,8335363,13581,2492
clingcon,layered_small_seed1,small,3,4,default,2,0.005,60.011,60.016,25744,False,True,14949738,8201349,15410,2492
clingcon,layered_small_seed1,small,3,4,default,3,0.005,60.011,60.016,21978,False,True,13500880,7772246,16804,2492
clingcon,layered_small_seed1,small,3,1,frumpy,1,0.005,60.011,60.015,92410,False,True,2803564,1661817,22,2492
clingcon,layered_small_seed1,small,3,1,frumpy,2,0.005,60.005,60.01,92410,False,True,2833194,1679051,22,2492
clingcon,layered_small_seed1,small,3,1,frumpy,3,0.005,60.006,60.011,92410,False,True,2817749,1669715,22,2492
clingcon,layered_small_seed1,small,3,4,frumpy,1,0.005,60.01,60.015,30998,False,True,16762438,7654206,87,2492
clingcon,layered_small_seed1,small,3,4,frumpy,2,0.005,60.011,60.016,36508,False,True,16297132,8068562,88,2492
clingcon,layered_small_seed1,small,3,4,frumpy,3,0.005,60.011,60.016,43638,False,True,16319968,8474498,88,2492
clingcon,layered_small_seed1,small,3,1,handy,1,0.005,60.001,60.006,138478,False,True,2975347,2168756,3612,2492
clingcon,layered_small_seed1,small,3,1,handy,2,0.005,60.01,60.015,138478,False,True,3021005,2200829,3658,2492
clingcon,layered_small_seed1,small,3,1,handy,3,0.005,60.0,60.005,138478,False,True,3025941,2204017,3674,2492
clingcon,layered_small_seed1,small,3,4,handy,1,0.005,60.011,60.015,19690,False,True,15314234,8452878,8003,2492
clingcon,layered_small_seed1,small,3,4,handy,2,0.005,60.011,60.016,19984,False,True,13357707,7167568,5959,2492
clingcon,layered_small_seed1,small,3,4,handy,3,0.005,60.011,60.016,30558,False,True,14472008,8099945,7889,2492
clingcon,layered_small_seed1,small,3,1,trendy,1,0.006,60.01,60.016,130254,False,True,3604878,2409262,5501,2492
clingcon,layered_small_seed1,small,3,1,trendy,2,0.005,60.01,60.015,130254,False,True,3619142,2418682,5547,2492
clingcon,layered_small_seed1,small,3,1,trendy,3,0.005,60.008,60.013,130254,False,True,3603624,2408307,5501,2492
clingcon,layered_small_seed1,small,3,4,trendy,1,0.005,60.011,60.016,28504,False,True,16204329,9481911,8591,2492
clingcon,layered_small_seed1,small,3,4,trendy,2,0.005,60.012,60.017,40582,False,True,14687171,8362618,4741,2492
clingcon,layered_small_seed1,small,3,4,trendy,3,0.005,60.011,60.016,29444,False,True,12736063,6152780,3629,2492
clingcon,layered_small_seed1,small,3,1,many,1,0.009,60.012,60.021,31716,False,True,1763104,877081,8754,2492
clingcon,layered_small_seed1,small,3,1,many,2,0.01,60.004,60.013,31716,False,True,1742218,867308,8594,2492
clingcon,layered_small_seed1,small,3,1,many,3,0.009,60.013,60.022,31716,False,True,1751141,871607,8691,2492
clingcon,layered_small_seed1,small,3,4,many,1,0.011,60.015,60.026,35584,False,True,7247526,4146298,9845,2492
clingcon,layered_small_seed1,small,3,4,many,2,0.009,60.012,60.021,21572,False,True,8559276,4011326,9954,2492
clingcon,layered_small_seed1,small,3,4,many,3,0.01,60.016,60.026,27386,False,True,6608984,4183131,8875,2492
clingcon,layered_small_seed2,small,3,1,default,1,0.011,60.319,60.33,82108,False,True,491281,401548,4094,3121
clingcon,layered_small_seed2,small,3,1,default,2,0.011,60.015,60.026,82108,False,True,490282,400776,4094,3121
clingcon,layered_small_seed2,small,3,1,default,3,0.011,60.05,60.062,82108,False,True,486304,397547,4094,3121
clingcon,layered_small_seed2,small,3,4,default,1,0.011,60.006,60.017,3929,False,True,8357638,3987809,6532,3121
clingcon,layered_small_seed2,small,3,4,default,2,0.012,60.013,60.025,3929,False,True,7639693,3783483,8456,3121
clingcon,layered_small_seed2,small,3,4,default,3,0.011,60.053,60.064,3985,False,True,7819169,3972185,8124,3121
clingcon,layered_small_seed2,small,3,1,frumpy,1,0.011,60.011,60.022,53154,False,True,1913295,861757,18,3121
clingcon,layered_small_seed2,small,3,1,frumpy,2,0.011,60.009,60.02,53154,False,True,1907877,859806,18,3121
clingcon,layered_small_seed2,small,3,1,frumpy,3,0.011,60.011,60.021,53154,False,True,1919456,864731,18,3121
clingcon,layered_small_seed2,small,3,4,frumpy,1,0.011,60.027,60.038,5945,False,True,6680975,2956078,75,3121
clingcon,layered_small_seed2,small,3,4,frumpy,2,0.156,60.008,60.164,4077,False,True,6642263,2818018,121,3121
clingcon,layered_small_seed2,small,3,4,frumpy,3,0.011,60.002,60.013,4409,False,True,7794197,3374677,77,3121
clingcon,layered_small_seed2,small,3,1,handy,1,0.012,60.006,60.018,105522,False,True,2472064,1600588,2612,3121
clingcon,layered_small_seed2,small,3,1,handy,2,0.013,60.011,60.024,105522,False,True,3016434,1961201,3158,3121
clingcon,layered_small_seed2,small,3,1,handy,3,0.013,60.011,60.024,105522,False,True,2786616,1814139,2752,3121
clingcon,layered_small_seed2,small,3,4,handy,1,0.027,60.013,60.04,3929,False,True,6984758,3625831,6435,3121
clingcon,layered_small_seed2,small,3,4,handy,2,0.012,60.019,60.031,3929,False,True,6753833,3150103,2979,3121
clingcon,layered_small_seed2,small,3,4,handy,3,0.013,60.012,60.026,3985,False,True,8174862,4116739,3567,3121
clingcon,layered_small_seed2,small,3,1,trendy,1,0.013,60.007,60.019,52720,False,True,2994216,1409126,1106,3121
clingcon,layered_small_seed2,small,3,1,trendy,2,0.011,60.006,60.017,52720,False,True,2993930,1408988,1106,3121
clingcon,layered_small_seed2,small,3,1,trendy,3,0.011,60.006,60.017,52720,False,True,2985240,1403836,1106,3121
clingcon,layered_small_seed2,small,3,4,trendy,1,0.011,60.007,60.019,3948,False,True,10916912,4479428,3341,3121
clingcon,layered_small_seed2,small,3,4,trendy,2,0.012,60.007,60.018,13082,False,True,8125366,4387610,7848,3121
clingcon,layered_small_seed2,small,3,4,trendy,3,0.012,60.014,60.026,3985,False,True,8311209,4323832,3200,3121
clingcon,layered_small_seed2,small,3,1,many,1,0.011,60.012,60.024,82108,False,True,484321,396107,4094,3121
clingcon,layered_small_seed2,small,3,1,many,2,0.012,60.1,60.112,82108,False,True,486304,397547,4094,3121
clingcon,layered_small_seed2,small,3,1,many,3,0.012,60.016,60.028,82108,False,True,484739,396379,4094,3121
clingcon,layered_small_seed2,small,3,4,many,1,0.012,60.013,60.025,3966,False,True,8238334,4059928,3915,3121
clingcon,layered_small_seed2,small,3,4,many,2,0.012,60.013,60.026,4004,False,True,8128013,4327884,7431,3121
clingcon,layered_small_seed2,small,3,4,many,3,0.011,60.011,60.023,6114,False,True,9197385,4338841,8329,3121
clingcon,layered_small_seed3,small,3,1,default,1,0.009,60.076,60.085,163368,False,True,1092918,775065,9322,2227
clingcon,layered_small_seed3,small,3,1,default,2,0.01,60.186,60.196,163368,False,True,1087203,770864,9281,2227
clingcon,layered_small_seed3,small,3,1,default,3,0.01,60.017,60.026,163368,False,True,1089377,772348,9304,2227
clingcon,layered_small_seed3,small,3,4,default,1,0.01,60.016,60.025,31288,False,True,3481855,2123065,4512,2227
clingcon,layered_small_seed3,small,3,4,default,2,0.01,60.136,60.146,37572,False,True,4119475,2361485,4618,2227
clingcon,layered_small_seed3,small,3,4,default,3,0.028,60.864,60.892,50044,False,True,6412117,3621055,6195,2227
clingcon,layered_small_seed3,small,3,1,frumpy,1,0.017,60.013,60.031,20976,False,True,1420436,835425,19,2227
clingcon,layered_small_seed3,small,3,1,frumpy,2,0.015,60.017,60.032,20976,False,True,1811619,1081236,20,2227
clingcon,layered_small_seed3,small,3,1,frumpy,3,0.011,60.008,60.019,20976,False,True,1742729,1037468,20,2227
clingcon,layered_small_seed3,small,3,4,frumpy,1,0.01,60.01,60.019,18836,False,True,7407406,3536415,80,2227
clingcon,layered_small_seed3,small,3,4,frumpy,2,0.009,60.016,60.025,14552,False,True,7939127,4448464,83,2227
clingcon,layered_small_seed3,small,3,4,frumpy,3,0.01,60.022,60.033,14552,False,True,5491163,3231119,91,2227
clingcon,layered_small_seed3,small,3,1,handy,1,0.019,60.06,60.079,53316,False,True,1821905,917531,1115,2227
clingcon,layered_small_seed3,small,3,1,handy,2,0.053,60.016,60.069,53316,False,True,2016702,1012270,1218,2227
clingcon,layered_small_seed3,small,3,1,handy,3,0.01,60.003,60.013,53316,False,True,2007614,1009239,1218,2227
clingcon,layered_small_seed3,small,3,4,handy,1,0.01,60.004,60.015,38484,False,True,5420529,3878397,8654,2227
clingcon,layered_small_seed3,small,3,4,handy,2,0.01,60.027,60.036,40012,False,True,6430255,4388509,6936,2227
clingcon,layered_small_seed3,small,3,4,handy,3,0.01,60.007,60.018,31932,False,True,5392739,3486868,5265,2227
clingcon,layered_small_seed3,small,3,1,trendy,1,0.009,60.006,60.015,53316,False,True,2450623,904072,1169,2227
clingcon,layered_small_seed3,small,3,1,trendy,2,0.01,60.007,60.017,53316,False,True,2435004,894806,1168,2227
clingcon,layered_small_seed3,small,3,1,trendy,3,0.009,60.007,60.016,53316,False,True,2487544,923026,1215,2227
clingcon,layered_small_seed3,small,3,4,trendy,1,0.01,60.006,60.017,43020,False,True,7007761,3665395,5089,2227
clingcon,layered_small_seed3,small,3,4,trendy,2,0.009,60.007,60.016,49756,False,True,7360255,4599327,4226,2227
clingcon,layered_small_seed3,small,3,4,trendy,3,0.012,60.007,60.019,40284,False,True,9590912,5768329,5519,2227
clingcon,layered_small_seed3,small,3,1,many,1,0.011,60.112,60.123,163368,False,True,1092918,775065,9322,2227
clingcon,layered_small_seed3,small,3,1,many,2,0.012,60.012,60.024,163368,False,True,1094269,776054,9344,2227
clingcon,layered_small_seed3,small,3,1,many,3,0.009,60.094,60.103,163368,False,True,1012799,719858,8602,2227
clingcon,layered_small_seed3,small,3,4,many,1,0.01,60.007,60.017,37760,False,True,6927053,4128389,8740,2227
clingcon,layered_small_seed3,small,3,4,many,2,0.009,60.011,60.02,36804,False,True,7760381,4656124,6466,2227
clingcon,layered_small_seed3,small,3,4,many,3,0.009,60.013,60.022,25752,False,True,6200433,4073526,5593,2227
clingcon,layered_small_seed4,small,3,1,default,1,0.012,60.003,60.016,55112,False,True,1472336,1110682,14119,2499
clingcon,layered_small_seed4,small,3,1,default,2,0.012,60.007,60.02,58432,False,True,1420085,1070276,13535,2499
clingcon,layered_small_seed4,small,3,1,default,3,0.01,60.006,60.016,55112,False,True,1456685,1099361,13934,2499
clingcon,layered_small_seed4,small,3,4,default,1,0.01,60.01,60.02,14616,False,True,7040295,3785873,6706,2499
clingcon,layered_small_seed4,small,3,4,default,2,0.012,60.014,60.026,26848,False,True,6051561,2547303,4771,2499
clingcon,layered_small_seed4,small,3,4,default,3,0.013,60.007,60.021,14912,False,True,8140086,4360559,7612,2499
clingcon,layered_small_seed4,small,3,1,frumpy,1,0.01,60.006,60.016,248800,False,True,2457063,1059803,21,2499
clingcon,layered_small_seed4,small,3,1,frumpy,2,0.011,60.005,60.016,248800,False,True,2457416,1059984,21,2499
clingcon,layered_small_seed4,small,3,1,frumpy,3,0.01,60.004,60.014,252000,False,True,2374320,1034870,20,2499
clingcon,layered_small_seed4,small,3,4,frumpy,1,0.01,60.005,60.015,11560,False,True,7822331,4213666,82,2499
clingcon,layered_small_seed4,small,3,4,frumpy,2,0.01,60.007,60.017,14144,False,True,6991297,3922006,80,2499
clingcon,layered_small_seed4,small,3,4,frumpy,3,0.009,60.006,60.016,23264,False,True,9775986,3861448,80,2499
clingcon,layered_small_seed4,small,3,1,handy,1,0.012,60.131,60.142,82464,False,True,3586725,1914709,3087,2499
clingcon,layered_small_seed4,small,3,1,handy,2,0.061,60.006,60.068,82464,False,True,4153679,2225103,3716,2499
clingcon,layered_small_seed4,small,3,1,handy,3,0.012,60.009,60.021,82464,False,True,4752667,2525563,4310,2499
clingcon,layered_small_seed4,small,3,4,handy,1,0.011,60.007,60.017,16704,False,True,5726217,3169447,2438,2499
clingcon,layered_small_seed4,small,3,4,handy,2,0.012,60.008,60.02,37488,False,True,3610533,2183180,2200,2499
clingcon,layered_small_seed4,small,3,4,handy,3,0.013,60.006,60.019,15992,False,True,7097148,3529935,3908,2499
clingcon,layered_small_seed4,small,3,1,trendy,1,0.011,60.007,60.018,85648,False,True,3399408,1608020,1429,2499
clingcon,layered_small_seed4,small,3,1,trendy,2,0.011,60.007,60.017,85648,False,True,3414535,1612538,1441,2499
clingcon,layered_small_seed4,small,3,1,trendy,3,0.014,60.002,60.017,85648,False,True,3460674,1632920,1450,2499
clingcon,layered_small_seed4,small,3,4,trendy,1,0.018,60.004,60.021,31040,False,True,6846478,3889881,2887,2499
clingcon,layered_small_seed4,small,3,4,trendy,2,0.01,60.006,60.017,18448,False,True,9173422,4751870,3817,2499
clingcon,layered_small_seed4,small,3,4,trendy,3,0.01,60.002,60.012,20512,False,True,7779771,4119530,3109,2499
clingcon,layered_small_seed4,small,3,1,many,1,0.012,60.041,60.054,53128,False,True,1531895,1155949,14843,2499
clingcon,layered_small_seed4,small,3,1,many,2,0.01,60.123,60.134,53128,False,True,1581637,1189455,15407,2499
clingcon,layered_small_seed4,small,3,1,many,3,0.01,60.048,60.058,53128,False,True,1544819,1164952,14984,2499
clingcon,layered_small_seed4,small,3,4,many,1,0.01,60.007,60.017,17496,False,True,9070269,3891205,4797,2499
clingcon,layered_small_seed4,small,3,4,many,2,0.01,60.007,60.017,26064,False,True,8285588,4504995,8632,2499
clingcon,layered_small_seed4,small,3,4,many,3,0.01,60.009,60.019,18256,False,True,5611519,2899280,4567,2499
clingcon,layered_small_seed5,small,3,1,default,1,0.02,60.02,60.039,53375,False,True,2110375,840445,9340,3673
clingcon,layered_small_seed5,small,3,1,default,2,0.016,60.008,60.024,53375,False,True,2268377,890311,9752,3673
clingcon,layered_small_seed5,small,3,1,default,3,0.015,60.006,60.022,53375,False,True,2284522,895300,9817,3673
clingcon,layered_small_seed5,small,3,4,default,1,0.014,60.009,60.023,38185,False,True,7653342,3615282,7004,3673
clingcon,layered_small_seed5,small,3,4,default,2,0.014,60.007,60.021,33425,False,True,8669126,3471316,5937,3673
clingcon,layered_small_seed5,small,3,4,default,3,0.013,60.104,60.118,17290,False,True,7668098,3031909,8698,3673
clingcon,layered_small_seed5,small,3,1,frumpy,1,0.045,60.01,60.055,90160,False,True,1527480,726292,20,3673
clingcon,layered_small_seed5,small,3,1,frumpy,2,0.015,60.006,60.021,90160,False,True,1581484,757201,20,3673
clingcon,layered_small_seed5,small,3,1,frumpy,3,0.014,60.006,60.02,90160,False,True,1565114,747006,20,3673
clingcon,layered_small_seed5,small,3,4,frumpy,1,0.014,60.007,60.021,57400,False,True,8066838,2552762,77,3673
clingcon,layered_small_seed5,small,3,4,frumpy,2,0.013,60.014,60.028,36505,False,True,6335181,2596776,75,3673
clingcon,layered_small_seed5,small,3,4,frumpy,3,0.04,60.009,60.049,29505,False,True,6092642,2073503,73,3673
clingcon,layered_small_seed5,small,3,1,handy,1,0.024,60.009,60.033,101045,False,True,7915115,3754508,3121,3673
clingcon,layered_small_seed5,small,3,1,handy,2,0.014,60.008,60.022,101045,False,True,8093329,3836319,3263,3673
clingcon,layered_small_seed5,small,3,1,handy,3,0.015,60.013,60.028,101045,False,True,7492835,3553677,2886,3673
clingcon,layered_small_seed5,small,3,4,handy,1,0.014,60.009,60.023,62020,False,True,6030283,2849348,5320,3673
clingcon,layered_small_seed5,small,3,4,handy,2,0.014,60.015,60.03,54005,False,True,5794411,2394760,3242,3673
clingcon,layered_small_seed5,small,3,4,handy,3,0.036,60.007,60.043,32165,False,True,7009469,3106408,4584,3673
clingcon,layered_small_seed5,small,3,1,trendy,1,0.014,60.006,60.021,75145,False,True,3370763,1515655,1730,3673
clingcon,layered_small_seed5,small,3,1,trendy,2,0.015,60.108,60.123,75145,False,True,3459602,1554922,1828,3673
clingcon,layered_small_seed5,small,3,1,trendy,3,0.084,60.009,60.093,75145,False,True,3737457,1689091,1936,3673
clingcon,layered_small_seed5,small,3,4,trendy,1,0.015,60.007,60.021,51030,False,True,9301996,3688870,3544,3673
clingcon,layered_small_seed5,small,3,4,trendy,2,0.014,60.007,60.02,29155,False,True,7648581,3141409,2399,3673
clingcon,layered_small_seed5,small,3,4,trendy,3,0.016,60.007,60.023,41965,False,True,8241316,3815538,4071,3673
clingcon,layered_small_seed5,small,3,1,many,1,0.014,60.008,60.021,53375,False,True,2316005,905479,9867,3673
clingcon,layered_small_seed5,small,3,1,many,2,0.014,60.01,60.024,53375,False,True,2390149,928165,10073,3673
clingcon,layered_small_seed5,small,3,1,many,3,0.014,60.042,60.056,53375,False,True,2343186,913319,9975,3673
clingcon,layered_small_seed5,small,3,4,many,1,0.015,60.014,60.029,30905,False,True,9758936,3724255,6235,3673
clingcon,layered_small_seed5,small,3,4,many,2,0.016,60.01,60.026,21035,False,True,7643335,2653921,4278,3673
clingcon,layered_small_seed5,small,3,4,many,3,0.016,60.011,60.026,17430,False,True,5718408,2364154,6536,3673
clingcon_optimised,layered_small_seed1,small,3,1,default,1,0.014,5.522,5.537,12142,True,True,122048,77432,1081,2883
clingcon_optimised,layered_small_seed1,small,3,1,default,2,0.012,6.011,6.023,12142,True,True,122048,77432,1081,2883
clingcon_optimised,layered_small_seed1,small,3,1,default,3,0.012,5.671,5.682,12142,True,True,122048,77432,1081,2883
clingcon_optimised,layered_small_seed1,small,3,4,default,1,0.02,1.837,1.857,12142,True,True,164989,89938,266,2883
clingcon_optimised,layered_small_seed1,small,3,4,default,2,0.011,1.682,1.693,12142,True,True,159192,83247,339,2883
clingcon_optimised,layered_small_seed1,small,3,4,default,3,0.011,1.451,1.462,12142,True,True,138766,78050,343,2883
clingcon_optimised,layered_small_seed1,small,3,1,frumpy,1,0.011,10.099,10.109,12142,True,True,210625,131780,14,2883
clingcon_optimised,layered_small_seed1,small,3,1,frumpy,2,0.018,9.512,9.53,12142,True,True,210625,131780,14,2883
clingcon_optimised,layered_small_seed1,small,3,1,frumpy,3,0.013,8.98,8.993,12142,True,True,210625,131780,14,2883
clingcon_optimised,layered_small_seed1,small,3,4,frumpy,1,0.012,2.532,2.544,12142,True,True,245098,123284,137,2883
clingcon_optimised,layered_small_seed1,small,3,4,frumpy,2,0.011,2.452,2.463,12142,True,True,228383,105565,147,2883
clingcon_optimised,layered_small_seed1,small,3,4,frumpy,3,0.01,1.933,1.943,12142,True,True,215689,106133,136,2883
clingcon_optimised,layered_small_seed1,small,3,1,handy,1,0.011,8.407,8.418,12142,True,True,273506,153403,35,2883
clingcon_optimised,layered_small_seed1,small,3,1,handy,2,0.011,9.705,9.717,12142,True,True,273506,153403,35,2883
clingcon_optimised,layered_small_seed1,small,3,1,handy,3,0.016,8.261,8.278,12142,True,True,273506,153403,35,2883
clingcon_optimised,layered_small_seed1,small,3,4,handy,1,0.012,1.543,1.555,12142,True,True,166447,92686,28,2883
clingcon_optimised,layered_small_seed1,small,3,4,handy,2,0.011,2.452,2.463,12142,True,True,195336,116224,46,2883
clingcon_optimised,layered_small_seed1,small,3,4,handy,3,0.011,1.994,2.005,12142,True,True,217411,120224,23,2883
clingcon_optimised,layered_small_seed1,small,3,1,trendy,1,0.011,4.673,4.684,12142,True,True,87266,57747,7,2883
clingcon_optimised,layered_small_seed1,small,3,1,trendy,2,0.014,3.682,3.696,12142,True,True,87266,57747,7,2883
clingcon_optimised,layered_small_seed1,small,3,1,trendy,3,0.3,3.515,3.815,12142,True,True,87266,57747,7,2883
clingcon_optimised,layered_small_seed1,small,3,4,trendy,1,0.012,1.583,1.595,12142,True,True,128740,79228,13,2883
clingcon_optimised,layered_small_seed1,small,3,4,trendy,2,0.011,1.732,1.743,12142,True,True,142298,84667,22,2883
clingcon_optimised,layered_small_seed1,small,3,4,trendy,3,0.016,1.339,1.355,12142,True,True,119157,72555,9,2883
clingcon_optimised,layered_small_seed1,small,3,1,many,1,0.011,5.288,5.299,12142,True,True,122048,77432,1081,2883
clingcon_optimised,layered_small_seed1,small,3,1,many,2,0.012,5.025,5.037,12142,True,True,122048,77432,1081,2883
clingcon_optimised,layered_small_seed1,small,3,1,many,3,0.013,5.101,5.114,12142,True,True,122048,77432,1081,2883
clingcon_optimised,layered_small_seed1,small,3,4,many,1,0.012,4.421,4.433,12142,True,True,147886,80685,376,2883
clingcon_optimised,layered_small_seed1,small,3,4,many,2,0.013,3.019,3.031,12142,True,True,114523,62585,323,2883
clingcon_optimised,layered_small_seed1,small,3,4,many,3,0.019,1.592,1.611,12142,True,True,135528,73194,313,2883
clingcon_optimised,layered_small_seed2,small,3,1,default,1,0.015,8.095,8.11,3929,True,True,79468,44949,833,3624
clingcon_optimised,layered_small_seed2,small,3,1,default,2,0.015,4.697,4.712,3929,True,True,79468,44949,833,3624
clingcon_optimised,layered_small_seed2,small,3,1,default,3,0.014,4.481,4.495,3929,True,True,79468,44949,833,3624
clingcon_optimised,layered_small_seed2,small,3,4,default,1,0.013,0.717,0.73,3929,True,True,54798,23874,167,3624
clingcon_optimised,layered_small_seed2,small,3,4,default,2,0.013,0.634,0.647,3929,True,True,55941,21730,130,3624
clingcon_optimised,layered_small_seed2,small,3,4,default,3,0.013,0.589,0.602,3929,True,True,55630,17868,61,3624
clingcon_optimised,layered_small_seed2,small,3,1,frumpy,1,0.013,3.986,3.998,3929,True,True,84092,47858,9,3624
clingcon_optimised,layered_small_seed2,small,3,1,frumpy,2,0.013,4.361,4.375,3929,True,True,84092,47858,9,3624
clingcon_optimised,layered_small_seed2,small,3,1,frumpy,3,0.016,4.216,4.232,3929,True,True,84092,47858,9,3624
clingcon_optimised,layered_small_seed2,small,3,4,frumpy,1,0.013,1.911,1.924,3929,True,True,175098,59860,69,3624
clingcon_optimised,layered_small_seed2,small,3,4,frumpy,2,0.013,1.881,1.894,3929,True,True,156444,58262,82,3624
clingcon_optimised,layered_small_seed2,small,3,4,frumpy,3,0.013,1.768,1.781,3929,True,True,157018,60290,73,3624
clingcon_optimised,layered_small_seed2,small,3,1,handy,1,0.013,3.387,3.4,3929,True,True,106602,53739,2,3624
clingcon_optimised,layered_small_seed2,small,3,1,handy,2,0.014,3.3,3.314,3929,True,True,106602,53739,2,3624
clingcon_optimised,layered_small_seed2,small,3,1,handy,3,0.014,3.366,3.38,3929,True,True,106602,53739,2,3624
clingcon_optimised,layered_small_seed2,small,3,4,handy,1,0.014,0.778,0.792,3929,True,True,68138,28144,2,3624
clingcon_optimised,layered_small_seed2,small,3,4,handy,2,0.013,0.866,0.879,3929,True,True,83416,32534,1,3624
clingcon_optimised,layered_small_seed2,small,3,4,handy,3,0.013,0.931,0.944,3929,True,True,76851,32801,4,3624
clingcon_optimised,layered_small_seed2,small,3,1,trendy,1,0.013,1.225,1.238,3929,True,True,24583,15305,2,3624
clingcon_optimised,layered_small_seed2,small,3,1,trendy,2,0.013,1.227,1.24,3929,True,True,24583,15305,2,3624
clingcon_optimised,layered_small_seed2,small,3,1,trendy,3,0.015,1.233,1.247,3929,True,True,24583,15305,2,3624
clingcon_optimised,layered_small_seed2,small,3,4,trendy,1,0.013,0.635,0.648,3929,True,True,56703,24803,2,3624
clingcon_optimised,layered_small_seed2,small,3,4,trendy,2,0.013,0.795,0.808,3929,True,True,69506,27788,2,3624
clingcon_optimised,layered_small_seed2,small,3,4,trendy,3,0.013,0.986,0.999,3929,True,True,62604,28712,2,3624
clingcon_optimised,layered_small_seed2,small,3,1,many,1,0.014,4.528,4.542,3929,True,True,79468,44949,833,3624
clingcon_optimised,layered_small_seed2,small,3,1,many,2,0.017,4.899,4.916,3929,True,True,79468,44949,833,3624
clingcon_optimised,layered_small_seed2,small,3,1,many,3,0.015,4.308,4.322,3929,True,True,79468,44949,833,3624
clingcon_optimised,layered_small_seed2,small,3,4,many,1,0.013,0.601,0.614,3929,True,True,60543,23944,140,3624
clingcon_optimised,layered_small_seed2,small,3,4,many,2,0.013,1.493,1.506,3929,True,True,112331,45306,338,3624
clingcon_optimised,layered_small_seed2,small,3,4,many,3,0.013,0.579,0.592,3929,True,True,58568,23112,83,3624
clingcon_optimised,layered_small_seed3,small,3,1,default,1,0.01,11.068,11.078,11024,True,True,207822,150143,1697,2619
clingcon_optimised,layered_small_seed3,small,3,1,default,2,0.021,12.561,12.582,11024,True,True,207822,150143,1697,2619
clingcon_optimised,layered_small_seed3,small,3,1,default,3,0.012,11.183,11.195,11024,True,True,207822,150143,1697,2619
clingcon_optimised,layered_small_seed3,small,3,4,default,1,0.011,6.595,6.605,11024,True,True,684949,454022,819,2619
clingcon_optimised,layered_small_seed3,small,3,4,default,2,0.01,4.814,4.824,11024,True,True,351486,236431,587,2619
clingcon_optimised,layered_small_seed3,small,3,4,default,3,0.011,6.205,6.217,11024,True,True,422448,278785,553,2619
clingcon_optimised,layered_small_seed3,small,3,1,frumpy,1,0.009,18.009,18.018,11024,True,True,570544,336015,17,2619
clingcon_optimised,layered_small_seed3,small,3,1,frumpy,2,0.012,19.963,19.976,11024,True,True,570544,336015,17,2619
clingcon_optimised,layered_small_seed3,small,3,1,frumpy,3,0.013,19.014,19.027,11024,True,True,570544,336015,17,2619
clingcon_optimised,layered_small_seed3,small,3,4,frumpy,1,0.017,6.244,6.262,11024,True,True,524808,304787,223,2619
clingcon_optimised,layered_small_seed3,small,3,4,frumpy,2,0.01,6.154,6.164,11024,True,True,608619,344567,198,2619
clingcon_optimised,layered_small_seed3,small,3,4,frumpy,3,0.01,5.763,5.772,11024,True,True,555867,320210,205,2619
clingcon_optimised,layered_small_seed3,small,3,1,handy,1,0.01,15.35,15.36,11024,True,True,399229,272704,81,2619
clingcon_optimised,layered_small_seed3,small,3,1,handy,2,0.011,16.682,16.693,11024,True,True,399229,272704,81,2619
clingcon_optimised,layered_small_seed3,small,3,1,handy,3,0.012,15.313,15.325,11024,True,True,399229,272704,81,2619
clingcon_optimised,layered_small_seed3,small,3,4,handy,1,0.011,7.077,7.088,11024,True,True,570299,376636,113,2619
clingcon_optimised,layered_small_seed3,small,3,4,handy,2,0.011,10.48,10.492,11024,True,True,657348,435303,211,2619
clingcon_optimised,layered_small_seed3,small,3,4,handy,3,0.032,10.492,10.524,11024,True,True,745181,496782,152,2619
clingcon_optimised,layered_small_seed3,small,3,1,trendy,1,0.01,17.009,17.019,11024,True,True,481485,333005,59,2619
clingcon_optimised,layered_small_seed3,small,3,1,trendy,2,0.011,17.405,17.417,11024,True,True,481485,333005,59,2619
clingcon_optimised,layered_small_seed3,small,3,1,trendy,3,0.018,17.254,17.272,11024,True,True,481485,333005,59,2619
clingcon_optimised,layered_small_seed3,small,3,4,trendy,1,0.015,3.944,3.959,11024,True,True,299650,209124,23,2619
clingcon_optimised,layered_small_seed3,small,3,4,trendy,2,0.01,3.694,3.704,11024,True,True,286291,193977,26,2619
clingcon_optimised,layered_small_seed3,small,3,4,trendy,3,0.01,4.837,4.847,11024,True,True,369132,252724,44,2619
clingcon_optimised,layered_small_seed3,small,3,1,many,1,0.01,11.28,11.291,11024,True,True,207822,150143,1697,2619
clingcon_optimised,layered_small_seed3,small,3,1,many,2,0.011,11.761,11.772,11024,True,True,207822,150143,1697,2619
clingcon_optimised,layered_small_seed3,small,3,1,many,3,0.013,11.177,11.191,11024,True,True,207822,150143,1697,2619
clingcon_optimised,layered_small_seed3,small,3,4,many,1,0.011,7.519,7.53,11024,True,True,494161,327457,1156,2619
clingcon_optimised,layered_small_seed3,small,3,4,many,2,0.01,5.618,5.628,11024,True,True,460516,309442,499,2619
clingcon_optimised,layered_small_seed3,small,3,4,many,3,0.011,4.294,4.305,11024,True,True,349176,226204,566,2619
clingcon_optimised,layered_small_seed4,small,3,1,default,1,0.011,60.005,60.016,36832,False,True,1092107,746537,6204,2890
clingcon_optimised,layered_small_seed4,small,3,1,default,2,0.014,60.001,60.015,36832,False,True,1085194,741885,6162,2890
clingcon_optimised,layered_small_seed4,small,3,1,default,3,0.015,60.011,60.027,36832,False,True,1070050,732204,6141,2890
clingcon_optimised,layered_small_seed4,small,3,4,default,1,0.015,28.854,28.869,8480,True,True,2285934,1469393,1307,2890
clingcon_optimised,layered_small_seed4,small,3,4,default,2,0.013,28.381,28.394,8480,True,True,2019359,1286041,1502,2890
clingcon_optimised,layered_small_seed4,small,3,4,default,3,0.012,30.905,30.917,8480,True,True,2452462,1509636,1451,2890
clingcon_optimised,layered_small_seed4,small,3,1,frumpy,1,0.011,60.006,60.017,8480,False,True,2105687,1191524,21,2890
clingcon_optimised,layered_small_seed4,small,3,1,frumpy,2,0.012,60.006,60.019,8480,False,True,2104123,1190590,21,2890
clingcon_optimised,layered_small_seed4,small,3,1,frumpy,3,0.013,60.01,60.023,8480,False,True,2013396,1138333,21,2890
clingcon_optimised,layered_small_seed4,small,3,4,frumpy,1,0.014,56.612,56.626,8480,True,True,5441143,2940203,672,2890
clingcon_optimised,layered_small_seed4,small,3,4,frumpy,2,0.014,49.587,49.601,8480,True,True,4679247,2553491,600,2890
clingcon_optimised,layered_small_seed4,small,3,4,frumpy,3,0.013,60.02,60.034,8480,False,True,4464272,2401308,325,2890
clingcon_optimised,layered_small_seed4,small,3,1,handy,1,0.018,60.017,60.035,8480,False,True,1302581,936111,425,2890
clingcon_optimised,layered_small_seed4,small,3,1,handy,2,0.024,60.017,60.04,8480,False,True,1275468,916818,407,2890
clingcon_optimised,layered_small_seed4,small,3,1,handy,3,0.017,60.025,60.043,8480,False,True,1158220,835024,331,2890
clingcon_optimised,layered_small_seed4,small,3,4,handy,1,0.038,28.133,28.171,8480,True,True,1849308,1296531,478,2890
clingcon_optimised,layered_small_seed4,small,3,4,handy,2,0.013,22.663,22.675,8480,True,True,1651384,1187097,256,2890
clingcon_optimised,layered_small_seed4,small,3,4,handy,3,0.014,20.099,20.113,8480,True,True,1683327,1178941,439,2890
clingcon_optimised,layered_small_seed4,small,3,1,trendy,1,0.011,60.006,60.018,8480,False,True,1187553,833232,357,2890
clingcon_optimised,layered_small_seed4,small,3,1,trendy,2,0.016,60.01,60.026,8480,False,True,1407178,988796,392,2890
clingcon_optimised,layered_small_seed4,small,3,1,trendy,3,0.024,60.009,60.034,8480,False,True,1476576,1037277,409,2890
clingcon_optimised,layered_small_seed4,small,3,4,trendy,1,0.015,32.848,32.863,8480,True,True,1842360,1322827,406,2890
clingcon_optimised,layered_small_seed4,small,3,4,trendy,2,0.026,19.037,19.063,8480,True,True,1614495,1176893,190,2890
clingcon_optimised,layered_small_seed4,small,3,4,trendy,3,0.012,25.206,25.218,8480,True,True,1732377,1232532,257,2890
clingcon_optimised,layered_small_seed4,small,3,1,many,1,0.013,60.006,60.019,36832,False,True,965048,659257,6024,2890
clingcon_optimised,layered_small_seed4,small,3,1,many,2,0.013,60.012,60.025,64168,False,True,285998,192290,1889,2890
clingcon_optimised,layered_small_seed4,small,3,1,many,3,0.145,60.034,60.178,36864,False,True,654043,447304,4536,2890
clingcon_optimised,layered_small_seed4,small,3,4,many,1,0.022,41.256,41.278,8480,True,True,2467401,1610228,1369,2890
clingcon_optimised,layered_small_seed4,small,3,4,many,2,0.014,39.107,39.12,8480,True,True,2330831,1483248,1224,2890
clingcon_optimised,layered_small_seed4,small,3,4,many,3,0.013,29.736,29.749,8480,True,True,2058114,1324115,1585,2890
clingcon_optimised,layered_small_seed5,small,3,1,default,1,0.087,60.013,60.1,13825,False,True,489677,368612,4602,4154
clingcon_optimised,layered_small_seed5,small,3,1,default,2,0.017,60.027,60.044,13825,False,True,410571,307999,4090,4154
clingcon_optimised,layered_small_seed5,small,3,1,default,3,0.027,60.075,60.102,13825,False,True,368445,277522,3765,4154
clingcon_optimised,layered_small_seed5,small,3,4,default,1,0.082,60.015,60.097,13825,False,True,2362948,1540932,1162,4154
clingcon_optimised,layered_small_seed5,small,3,4,default,2,0.018,60.057,60.075,13825,False,True,2013006,1356757,1419,4154
clingcon_optimised,layered_small_seed5,small,3,4,default,3,0.046,60.011,60.057,13825,False,True,2052032,1312462,2924,4154
clingcon_optimised,layered_small_seed5,small,3,1,frumpy,1,0.022,60.005,60.027,16310,False,True,1058416,601136,18,4154
clingcon_optimised,layered_small_seed5,small,3,1,frumpy,2,0.032,60.014,60.046,16310,False,True,1078169,613065,18,4154
clingcon_optimised,layered_small_seed5,small,3,1,frumpy,3,0.022,60.011,60.034,16310,False,True,1215290,687886,19,4154
clingcon_optimised,layered_small_seed5,small,3,4,frumpy,1,0.022,60.009,60.031,14280,False,True,3395026,1863669,79,4154
clingcon_optimised,layered_small_seed5,small,3,4,frumpy,2,0.017,60.011,60.028,13825,False,True,2764765,1551779,113,4154
clingcon_optimised,layered_small_seed5,small,3,4,frumpy,3,0.021,60.015,60.035,13895,False,True,2762141,1566867,75,4154
clingcon_optimised,layered_small_seed5,small,3,1,handy,1,0.024,64.55,64.574,13825,False,True,594225,473145,411,4154
clingcon_optimised,layered_small_seed5,small,3,1,handy,2,0.038,61.616,61.654,13825,False,True,633665,504344,419,4154
clingcon_optimised,layered_small_seed5,small,3,1,handy,3,1.336,64.523,65.859,13825,False,True,389192,308198,348,4154
clingcon_optimised,layered_small_seed5,small,3,4,handy,1,2.33,60.088,62.418,16030,False,True,1020107,700143,530,4154
clingcon_optimised,layered_small_seed5,small,3,4,handy,2,0.067,60.024,60.091,14070,False,True,699795,505168,311,4154
clingcon_optimised,layered_small_seed5,small,3,4,handy,3,0.087,60.043,60.13,16030,False,True,1104126,769697,655,4154
clingcon_optimised,layered_small_seed5,small,3,1,trendy,1,0.137,60.011,60.147,13825,False,True,640147,487276,239,4154
clingcon_optimised,layered_small_seed5,small,3,1,trendy,2,0.024,60.033,60.057,13825,False,True,440530,337225,171,4154
clingcon_optimised,layered_small_seed5,small,3,1,trendy,3,0.026,60.008,60.034,13825,False,True,810420,610982,468,4154
clingcon_optimised,layered_small_seed5,small,3,4,trendy,1,0.021,60.013,60.033,13825,False,True,1964581,1480829,373,4154
clingcon_optimised,layered_small_seed5,small,3,4,trendy,2,0.021,60.022,60.043,13825,False,True,1880268,1400247,368,4154
clingcon_optimised,layered_small_seed5,small,3,4,trendy,3,0.018,60.009,60.027,13825,False,True,1979179,1443148,653,4154
clingcon_optimised,layered_small_seed5,small,3,1,many,1,0.017,60.726,60.743,13825,False,True,550585,412282,5050,4154
clingcon_optimised,layered_small_seed5,small,3,1,many,2,0.045,60.013,60.057,13825,False,True,466184,351546,4299,4154
clingcon_optimised,layered_small_seed5,small,3,1,many,3,0.019,60.016,60.036,13825,False,True,611742,456144,5539,4154
clingcon_optimised,layered_small_seed5,small,3,4,many,1,0.019,60.024,60.043,13825,False,True,1919326,1324182,841,4154
clingcon_optimised,layered_small_seed5,small,3,4,many,2,0.029,60.015,60.044,13825,False,True,1959742,1287001,1446,4154
clingcon_optimised,layered_small_seed5,small,3,4,many,3,0.018,60.013,60.031,13825,False,True,2181495,1468192,1241,4154
